,Predicted_PCE,Predicted_FF,Predicted_Voc,Predicted_Jsc
0,10.052526,70.99833,0.79000247,17.918978
1,22.5003,80.84117,1.1600039,23.990622
2,5.2885637,67.99955,0.6200192,12.600231
3,5.700994,50.00073,0.58002824,19.69859
4,4.1534996,57.000572,0.54003555,17.529585
5,8.196934,67.99991,0.720009,15.600239
6,7.8983808,67.997345,0.7100125,15.197419
7,8.300266,69.00003,0.78324807,15.299378
8,5.004413,53.999355,0.70401657,12.401149
9,8.999377,68.0001,0.7380097,17.996346
10,4.179788,60.000328,0.590025,11.900463
11,3.7816226,56.0001,0.590025,11.340322
12,3.4109824,52.00179,0.590025,11.200109
13,3.070167,47.0009,0.590025,11.029798
14,1.5668739,57.000465,0.48004755,2.0000184
15,0.3597092,32.00032,0.58002824,2.0001848
16,0.73170334,49.00564,0.6200192,1.9999946
17,1.3992704,49.998703,0.6200192,1.999986
18,2.5385525,55.999382,0.95998526,2.0001118
19,0.31064016,30.999187,0.52004045,1.9999528
20,1.4461929,38.999626,0.6300172,1.9999263
21,1.4758867,43.00062,0.6900274,2.0000892
22,2.2254744,49.999573,0.7000117,2.0001318
23,0.8023895,51.000336,0.5600292,2.0001442
24,0.8023895,51.000336,0.5600292,2.0001442
25,7.611111,54.049522,0.9199874,19.029882
26,17.044039,69.621124,1.059973,23.248966
27,5.000658,59.99929,0.590025,14.100447
28,5.1023364,56.001614,0.60502136,15.100649
29,17.338198,74.097244,0.8599955,27.319214
30,6.85094,50.285854,0.79592365,16.318497
31,13.842533,76.00312,0.91046196,20.251116
32,18.85922,74.98213,1.1199586,22.428959
33,12.051584,72.00212,1.1199586,14.937605
34,7.4620414,63.004642,0.7500048,15.799612
35,8.832786,62.00062,0.79000247,18.098225
36,10.18863,72.99921,0.75293374,18.550365
37,7.6674347,70.997025,0.7100125,15.200241
38,9.470945,69.1353,0.63998854,21.400162
39,1.5462308,38.735546,0.66001713,6.4862685
40,2.8503144,48.40049,0.7000117,8.416091
41,4.705642,47.998993,0.84999484,11.499483
42,13.292921,63.40401,1.0500355,19.501753
43,1.6758586,49.0035,0.5100413,5.6494613
44,17.340134,76.00133,1.0198528,21.889238
45,14.86811,76.99115,0.84999484,21.32345
46,12.803823,74.99948,0.8399972,20.700775
47,12.521412,73.39885,0.8799934,19.379948
48,14.157513,73.101105,0.94376975,20.542837
49,14.328501,74.01813,0.94716233,20.660395
50,8.381808,72.00058,0.70494545,16.529001
51,6.1496463,62.00141,0.7000117,14.173043
52,0.49992663,42.000935,0.7000117,2.0000892
53,2.6398695,84.00017,0.7800021,1.2704042
54,1.5976169,56.001564,0.7100125,1.2100073
55,0.67045575,47.00215,0.3401066,4.150051
56,0.55399674,46.999756,0.3401066,3.0805132
57,18.250164,92.899345,1.9298664,10.470278
58,18.250164,92.899345,1.9298664,10.470278
59,0.5886314,34.100964,0.19022192,7.2872996
60,0.5003386,32.44877,0.2002107,7.7707334
61,0.6807764,28.902458,0.26015356,9.010263
62,0.5606474,30.25032,0.23016928,8.0794325
63,0.56006765,30.00022,0.24516703,7.57427
64,10.600948,58.998898,1.0699717,16.80983
65,14.706701,65.996124,1.1199586,19.882124
66,5.700152,53.000446,0.7800021,13.700985
67,4.0321383,45.99589,0.6900274,12.3085985
68,7.842044,63.00222,0.71183836,17.482847
69,7.965329,62.010807,0.74671865,17.032995
70,2.765189,53.692966,0.58002824,8.499139
71,16.282387,71.618,1.0708318,21.461185
72,1.200003,38.49286,0.4600563,6.401374
73,1.3880662,42.744923,0.4600563,6.4974875
74,1.7998896,48.00043,0.47005585,7.8977757
75,1.2999411,40.001232,0.48004755,7.1012735
76,1.623054,43.705547,0.4900476,7.502947
77,2.4004855,61.084797,0.4900476,8.100337
78,1.9882487,56.1228,0.5300365,6.793704
79,2.1979015,59.210045,0.5500325,6.6999393
80,2.5859215,59.805443,0.73000854,2.969849
81,1.3004196,37.902298,0.720009,4.7704935
82,1.0614439,34.60206,0.720009,4.25048
83,1.3004196,37.902298,0.720009,4.7704935
84,2.9441774,62.999386,0.720009,2.0000412
85,7.611111,54.049522,0.9199874,19.029882
86,17.044039,69.621124,1.059973,23.248966
87,8.951953,71.00183,1.3600091,9.27027
88,5.7687106,58.03569,0.6665455,14.916536
89,5.723627,55.28887,0.8399972,12.276052
90,3.9330263,51.003105,0.8000006,9.659346
91,8.94588,62.10639,0.7800021,17.733704
92,13.100052,71.273766,0.99998546,17.999495
93,15.149933,71.620285,0.66901433,31.630201
94,12.840628,67.42942,0.66194504,28.778923
95,3.0379355,70.2986,0.66001713,5.599492
96,4.1236973,75.09918,0.7100125,7.201185
97,4.9674635,75.10097,0.7100125,8.799237
98,5.625081,75.09946,0.7100125,10.400476
99,8.231142,75.10095,0.82534486,13.809783
100,5.9966655,55.54192,0.8799934,11.302825
101,6.568524,55.28194,0.8799934,13.651466
102,7.39825,59.80459,0.7600058,16.269331
103,8.283491,59.90234,0.7600058,18.30131
104,15.998396,74.77854,1.0140312,22.15117
105,19.024195,81.69772,1.009985,22.980242
106,24.193598,80.3259,1.1699281,25.799824
107,6.201616,64.00128,0.8899919,11.000564
108,3.4077141,46.999783,0.7800021,9.300619
109,14.646082,60.114605,1.0899639,21.788643
110,19.615664,77.67969,1.1199586,22.548534
111,18.3672,75.22773,1.0899639,22.565552
112,1.9975317,52.999454,0.5340332,7.0989676
113,7.096355,65.00055,0.6453099,17.20083
114,2.4050791,48.000687,0.58705467,8.400865
115,9.225067,66.99561,0.7251846,18.32448
116,6.746789,69.99432,0.73000854,13.210731
117,4.7311964,70.998,0.71667475,9.298444
118,3.497826,47.99783,0.9099916,7.4996986
119,2.502608,47.99688,0.8100018,6.599442
120,2.8140726,45.99033,0.76999956,7.216917
121,3.5981925,53.99891,0.7800021,8.400403
122,2.901976,44.999294,0.7600058,8.200447
123,19.322966,79.02015,1.0799302,22.790358
124,1.5441731,43.000946,0.720009,5.214288
125,2.3378277,57.997154,0.6900274,5.869389
126,2.9821904,60.99987,0.7100125,6.92029
127,3.179785,61.99587,0.7100125,7.2301745
128,3.4287615,62.99982,0.720009,7.6925507
129,3.9635692,65.993614,0.73000854,8.218993
130,2.405161,53.00071,0.7000117,6.418215
131,0.73035824,52.0001,0.74000716,1.9200071
132,1.5713238,41.999676,0.8100018,4.5914655
133,15.197104,76.19977,0.5700305,34.598854
134,15.860218,72.7588,0.8399972,26.066341
135,17.183796,73.47315,0.8599955,27.011662
136,17.68091,74.0506,0.86999446,27.319214
137,17.479618,73.76008,0.8799934,27.000784
138,11.9778,71.9348,0.95998526,17.339956
139,6.15151,60.17882,0.7800021,13.140946
140,16.098146,68.00103,1.0899639,21.761488
141,17.548124,78.29063,1.0812451,20.729733
142,15.628228,77.28625,1.0699717,21.097393
143,12.830006,68.29996,0.49020246,38.319344
144,3.5096667,66.99913,0.5700305,9.340257
145,8.111753,68.00121,0.7500048,16.010578
146,2.7501647,51.00064,0.99998546,5.450727
147,1.900414,31.99953,0.34210002,14.149967
148,3.16055,38.997974,0.8599955,9.539007
149,6.883672,59.00635,0.74000716,16.08269
150,5.2592545,55.00319,0.60002327,16.129837
151,7.2925124,60.001656,0.7500048,16.750473
152,7.278897,60.003075,0.74000716,16.600344
153,5.8229365,51.001873,0.7100125,16.329554
154,7.395529,53.00157,0.8399972,16.799278
155,7.276009,51.99971,0.8399972,16.702005
156,9.863621,60.00064,0.84999484,19.773335
157,6.9813123,55.000847,0.7800021,16.150402
158,12.022055,61.43545,0.9299875,20.533806
159,13.512918,63.374214,0.95998526,21.699793
160,14.690255,66.54182,0.99998546,22.081244
161,16.829948,74.41853,1.0198528,22.178185
162,3.4046988,55.999084,0.9199874,6.351538
163,2.7533717,49.008167,0.8899919,6.5982995
164,3.8093162,47.99931,0.9199874,8.733537
165,23.260574,79.48873,1.1799208,24.787382
166,7.6405272,69.89985,0.73000854,14.981925
167,7.6210833,48.270615,0.8899919,17.81827
168,8.556593,68.08474,0.89999205,16.404757
169,3.4944723,49.99962,0.60002327,9.999353
170,10.035161,54.04912,0.91202885,20.319042
171,16.836895,69.623344,1.0562444,22.9011
172,20.193424,77.40253,1.1497754,22.698305
173,17.203587,71.692,1.0999627,20.578669
174,17.198612,73.40232,1.1099602,21.138212
175,0.730829,67.074234,0.76999956,1.9199473
176,9.882842,63.367786,0.89999205,17.320908
177,13.761559,73.704094,0.8399972,22.159782
178,12.035779,72.84781,0.7800021,21.18158
179,13.798628,62.99991,0.8799934,24.79709
180,10.884258,60.001713,0.8000006,21.69958
181,1.0336037,39.000862,0.6300172,4.200984
182,1.4821283,43.000645,0.6900274,5.0204453
183,1.4982862,49.99981,1.0999703,2.1512296
184,1.7005743,35.0005,1.3600091,3.5699916
185,0.7801736,28.991402,0.84999484,3.147433
186,1.498442,37.000423,1.3998853,3.0000706
187,4.7413673,50.001774,0.9899789,9.620331
188,7.998746,66.989174,0.7600058,15.19668
189,7.1797953,44.000893,0.38008153,42.32441
190,5.511385,52.99923,0.7800021,13.39702
191,7.165109,62.91623,0.79060704,14.4001
192,6.7514215,58.21225,0.80502516,14.399781
193,7.659235,56.403423,0.8213736,16.5002
194,16.357058,68.97379,1.1084691,20.74857
195,5.0404654,58.78506,0.5530323,15.510479
196,6.2146726,64.85227,0.59294593,16.003551
197,8.229364,65.001564,0.8799934,14.250854
198,9.427632,68.65562,0.8100018,15.559882
199,25.000261,78.599335,1.7798938,17.808985
200,25.993404,76.6018,1.7698971,19.21968
201,5.8008013,56.998417,0.9500037,10.800069
202,4.539658,54.4966,0.8899919,9.33408
203,1.6236358,40.29791,0.81999993,4.7219076
204,15.018342,73.78818,1.0999627,18.542513
205,14.730137,68.981316,1.0799302,19.426044
206,14.005386,72.86332,1.009985,19.21069
207,1.5411367,53.80648,0.89999205,2.179235
208,10.800229,56.00099,0.5600292,34.400417
209,4.8977485,71.00088,0.6350189,10.860856
210,5.7142725,69.99005,0.680013,12.638348
211,6.598136,68.980446,0.6810115,14.415287
212,0.50272363,47.408142,0.5000449,1.7999523
213,1.4138266,70.50037,0.74000716,2.710231
214,21.902134,79.29094,1.1899246,23.310518
215,0.27206278,41.000034,0.6724069,0.9961158
216,0.49002436,68.00035,0.67001516,1.0665898
217,1.089956,57.999187,0.680013,2.7681081
218,1.2409699,60.011784,0.6810115,3.2278552
219,1.8314545,59.00217,0.70900553,4.401133
220,1.7255629,51.998154,0.7060792,2.8921704
221,8.621838,70.65103,0.74000716,16.270144
222,8.586112,71.20296,0.87032276,13.84097
223,7.5138173,67.00047,0.7988105,14.0486765
224,7.254481,67.19497,0.91202885,11.831613
225,7.5488896,65.80193,0.9475168,12.100402
226,10.704546,69.21449,0.93199015,16.589872
227,6.6810017,81.99881,1.2096717,6.7197213
228,8.670152,84.0,1.3799107,7.4816155
229,6.261179,68.999016,0.76099086,11.959654
230,0.85032886,46.000237,0.58002824,3.1500592
231,1.8085766,49.0079,0.58002824,5.592443
232,21.191952,80.76035,1.1099602,23.688587
233,16.477962,80.773506,0.9099916,21.755123
234,2.6511512,62.993664,0.8100018,7.9801517
235,11.603689,68.810295,0.979992,17.500103
236,9.091421,62.219837,0.979992,14.901309
237,8.970689,65.09204,0.979992,15.406504
238,2.0775633,42.90521,0.7600058,6.368187
239,1.8112309,41.149982,0.720009,6.151014
240,1.7980951,42.787174,0.7000117,6.00143
241,1.6204569,42.397373,0.7000117,5.4794083
242,19.857248,79.82389,1.129882,22.100197
243,19.847881,79.40283,1.1099602,22.519203
244,19.963873,78.77373,1.1199586,22.654112
245,5.6067085,68.897446,0.680013,12.360969
246,2.720815,33.999474,0.7554301,10.127493
247,4.4784546,60.1587,0.9199874,8.176101
248,0.4610237,59.595913,0.66001713,1.5098712
249,2.1501641,59.593605,0.66001713,5.4602194
250,7.367924,62.02843,0.8000006,14.870717
251,0.59048635,35.996468,0.9099916,1.919962
252,0.14083526,31.999878,0.9400234,0.48010135
253,10.156366,70.60135,0.7933264,18.978569
254,1.0762136,47.99415,0.8899919,1.4200261
255,5.6201587,62.254272,0.82999724,10.839908
256,1.0853145,31.990953,0.76999956,4.1045218
257,4.8331428,59.223866,0.79000247,10.329612
258,3.2429907,41.106934,0.8000006,9.890035
259,3.29091,61.192455,0.76999956,7.0175023
260,9.050671,67.99936,0.8061955,13.492649
261,5.2807426,60.16348,0.86999446,10.042135
262,9.531772,71.998566,0.7230072,18.251932
263,9.221538,72.99927,0.7370083,17.180162
264,9.355356,71.999535,0.7230072,17.99044
265,9.777907,73.99972,0.75725937,17.761526
266,8.986301,74.010216,0.7672244,16.450285
267,9.25128,74.99997,0.7730233,15.719064
268,5.821481,67.60129,0.6300172,13.650658
269,15.097804,67.48969,0.82999724,26.880043
270,1.8028804,49.019463,0.41007692,8.300666
271,2.9978108,47.99721,0.4600563,13.700795
272,4.91109,67.999405,0.5500325,13.120419
273,5.5606813,65.002815,0.58002824,14.809314
274,6.7016673,72.000175,0.58002824,16.120352
275,3.410731,67.47635,0.6300172,8.217721
276,3.6967316,66.90379,0.6200192,8.9196615
277,3.9600828,66.79978,0.6300172,9.399958
278,6.0523224,65.9008,0.7600058,12.064998
279,6.31301,65.9994,0.7500048,12.750078
280,6.550206,67.09985,0.7600058,12.833978
281,17.811583,76.05602,0.8619925,27.005844
282,4.101359,60.00029,0.590025,11.599334
283,22.449537,81.99822,1.1450737,24.209057
284,6.2210417,55.060955,0.74603194,15.140562
285,6.51088,55.75906,0.7510082,15.547187
286,8.690571,66.03733,0.7510082,17.520403
287,7.5208683,66.7546,0.7510082,15.080277
288,8.407927,50.59244,0.8899919,18.742208
289,9.487919,51.25802,0.8799934,22.158976
290,5.8617854,43.375328,0.9199874,14.1184435
291,6.9003057,46.990047,0.89999205,16.18003
292,4.7113776,65.706345,0.7031301,10.201294
293,1.2002233,24.470709,0.66001713,7.4311237
294,5.8012605,61.544518,0.79000247,11.908198
295,6.154726,66.92512,0.79000247,11.65072
296,5.2571735,63.999115,0.9099916,9.029907
297,0.9298325,38.00322,0.30012184,5.59102
298,6.8109436,66.00158,0.93199015,11.301146
299,9.422415,62.996407,1.030009,14.520115
300,3.1073341,38.992966,0.54003555,17.34764
301,18.290163,73.62661,1.1099602,22.27003
302,15.502485,65.29759,1.0500355,22.70017
303,5.180435,71.99256,0.755105,9.47014
304,5.8205757,62.999798,0.720009,12.781528
305,5.686655,54.004925,0.68894994,15.659039
306,6.0161557,62.759502,0.720009,13.382369
307,7.539855,65.49533,0.73000854,15.44014
308,8.449725,65.800415,0.6300172,20.390684
309,5.209188,50.59519,0.953985,10.790592
310,9.817302,67.914444,0.9299875,16.690712
311,9.817302,67.914444,0.9299875,16.690712
312,9.817302,67.914444,0.9299875,16.690712
313,4.8290653,55.89868,0.52503216,16.44999
314,7.6444206,70.00044,0.8213736,13.791408
315,8.272998,66.29638,0.8000006,15.681139
316,12.116258,68.29621,0.9199874,17.990377
317,9.050189,63.000015,0.80299866,18.009087
318,8.646194,63.00124,0.8000006,17.248697
319,4.081255,52.000324,0.720009,10.80774
320,11.587956,72.59016,0.95998526,15.800036
321,8.00297,70.2754,0.8799934,12.987246
322,1.200026,51.99851,0.610021,4.201153
323,1.9095112,54.000847,0.680013,5.1983204
324,3.079934,58.01072,0.74000716,7.0095587
325,6.231797,68.86107,0.8100018,11.172442
326,3.8885794,51.530323,0.8000006,9.390591
327,2.4508228,50.427155,0.84999484,5.740572
328,3.8425763,58.22279,0.8100018,8.179602
329,0.560608,54.301575,0.66001713,1.5714
330,6.790596,61.99936,0.7492956,14.6308
331,7.695363,64.98581,0.7600058,15.327165
332,8.781967,71.99926,0.76553476,15.910595
333,7.386585,71.99996,0.7746157,13.240408
334,0.650633,34.99897,0.84999484,2.1907704
335,13.904786,65.00381,1.0699717,19.898376
336,15.695137,64.99962,1.0699717,22.500364
337,8.703538,54.006332,0.8100018,20.000814
338,4.2997174,41.999786,0.7600058,13.400043
339,10.198493,74.0001,1.030009,13.399654
340,15.703583,75.00293,1.030009,20.400745
341,13.1043825,66.00019,0.979992,20.399754
342,6.8022265,44.99784,1.0799302,11.303767
343,2.1988862,40.001167,0.9899789,5.5973334
344,12.027563,50.020004,1.030009,23.10281
345,10.795305,66.99877,1.009985,16.000996
346,12.00649,76.00032,1.0500355,15.099371
347,11.000813,73.00015,1.0198528,14.700244
348,12.199555,66.999626,0.99998546,18.19842
349,8.901254,51.00005,1.0198528,17.000122
350,2.5496688,43.0028,0.8000006,7.495539
351,5.5114274,60.00191,0.7100125,12.676145
352,0.63062596,37.001884,0.5100413,3.6584318
353,0.52496153,49.00842,0.5500325,2.4418244
354,0.50447273,45.004227,0.45006222,2.441509
355,7.0001388,59.001743,0.720009,16.56993
356,6.9835663,61.00227,0.720009,15.830292
357,6.913305,62.001194,0.7100125,15.639991
358,4.2004414,51.001522,0.7800021,10.555886
359,4.6993356,54.61056,0.680013,12.699797
360,5.799585,56.71231,0.7000117,14.600691
361,0.19030072,27.600395,0.47005585,5.0191917
362,0.17913699,32.995808,0.38008153,1.4200842
363,0.23976226,32.000347,0.5700305,1.3000845
364,0.21051897,32.0004,0.5300365,1.2200706
365,0.49139053,41.00063,0.58002824,2.0804813
366,10.066032,70.00003,0.79000247,18.190302
367,1.3060987,45.00177,0.7100125,3.9000475
368,1.5973725,40.995827,0.6900274,5.2533655
369,0.22924067,29.999887,0.5000449,1.5299734
370,0.3895367,35.999374,0.610021,1.7900574
371,2.1016483,49.00086,0.38008153,14.1005535
372,0.28994817,30.999216,0.6500175,1.4700825
373,0.12983143,30.999487,0.67001516,0.77015543
374,1.4739602,45.00325,0.60002327,5.1704655
375,0.36026213,24.000172,0.5700305,2.6703491
376,0.85091746,57.00029,0.54003555,2.760273
377,14.03215,68.500595,0.90843356,22.595383
378,6.296583,71.998924,0.8100018,10.799461
379,7.0002494,67.99931,0.680013,15.1611595
380,4.071284,51.00124,0.5000449,16.090202
381,2.8715365,52.00027,0.610021,8.9891405
382,2.6893637,51.002678,0.6300172,7.8502855
383,16.14621,74.06718,0.84999484,25.9833
384,15.864908,73.181625,0.8399972,25.820559
385,15.398946,73.50948,0.79000247,26.510582
386,14.096017,78.29505,0.8661299,20.700645
387,8.215318,59.99593,0.89999205,14.999578
388,7.47215,49.999683,0.8000006,13.997859
389,9.020488,69.999695,0.99998546,16.000772
390,1.0398768,43.998974,0.86999446,2.701216
391,0.49010134,35.000088,0.9199874,1.500018
392,0.500317,29.999634,0.9700028,1.700021
393,4.6669707,55.254368,0.5700305,14.194272
394,5.5611963,65.99993,0.63998854,13.24315
395,4.9381094,53.996815,0.66001713,13.825489
396,6.289624,69.001114,0.67001516,13.586073
397,3.5007057,54.001637,0.5700305,11.400469
398,3.603644,65.00032,0.63998854,8.698443
399,20.520279,82.78058,1.1450737,21.67011
400,1.8636414,43.000137,0.99998546,4.3006697
401,2.3311687,46.99806,1.039978,4.819361
402,2.0406153,45.99863,0.95998526,4.599734
403,8.981173,62.000454,0.79000247,18.302538
404,11.599795,56.198456,0.5600292,37.199936
405,6.5182366,55.994347,0.8000006,14.479597
406,5.60205,50.002224,0.8799934,12.6798115
407,6.493764,55.002087,0.84999484,13.951046
408,0.79906553,53.996952,0.36009398,4.200098
409,6.990999,61.00071,0.9500037,12.209057
410,6.5001755,58.99634,0.7500048,14.592744
411,5.2623606,57.030647,0.9099916,9.952887
412,6.802077,55.995945,0.8899919,13.69996
413,3.4121025,42.00039,0.81999993,10.028239
414,4.537543,52.99575,0.82999724,10.597648
415,5.0454316,55.001083,0.89999205,10.212812
416,5.360763,59.98586,0.86999446,10.900212
417,6.2401414,64.00127,0.86999446,11.200249
418,6.0611067,62.997513,0.82999724,11.599179
419,3.2101424,42.99779,0.74000716,10.100914
420,7.0249133,70.0113,0.86999446,12.348662
421,4.604327,56.00996,0.89999205,9.200922
422,6.2357626,56.990383,0.81999993,13.238754
423,1.7604876,54.000774,0.8799934,3.660381
424,15.719173,74.19828,0.83200085,25.449984
425,16.623447,75.202805,0.83200085,26.540401
426,14.981089,73.638145,0.823704,24.709843
427,19.343391,77.96789,1.0999627,22.509665
428,11.449282,65.2969,0.6180091,28.32991
429,11.986048,65.293526,0.6190366,28.32991
430,10.452052,63.199986,0.5940715,27.780458
431,5.913892,68.80684,0.73000854,11.749947
432,3.5772035,61.965023,0.7100125,8.135624
433,2.4372566,31.993633,1.0799302,6.9415345
434,7.0983834,65.99869,0.95998526,11.1997795
435,8.894781,71.999756,0.7251846,17.03027
436,0.45132086,34.00037,0.66001713,1.9799414
437,1.2516897,37.99973,0.5600292,5.9288473
438,5.668866,47.98856,0.9700028,13.561014
439,4.4206996,47.19719,0.41007692,22.480803
440,2.810613,35.60378,0.43006486,18.329632
441,3.5514104,41.19775,0.41007692,20.848553
442,2.8883667,37.7989,0.41007692,18.669586
443,2.2403085,37.29983,0.38008153,15.84988
444,12.600995,69.99974,0.60002327,30.000248
445,3.350222,49.003124,0.680013,9.694015
446,1.9025414,54.00025,0.67001516,5.507782
447,0.0094673345,48.59835,0.41407958,0.042241763
448,0.21064654,76.79692,0.5180401,0.52890635
449,0.029910615,49.799442,0.5960218,0.10221302
450,0.23795897,72.53183,0.52004045,0.16003636
451,0.14013472,27.60017,0.5000449,1.1001307
452,0.05923205,26.000183,0.48004755,0.43009704
453,0.010197316,27.000805,0.47005585,0.10018407
454,0.67072284,25.000809,0.54003555,4.8999915
455,0.63900775,30.000673,0.60002327,3.5997524
456,0.42952847,28.000017,0.60002327,2.440666
457,2.2029836,45.00051,1.0999703,4.249554
458,17.400154,76.0974,0.8399972,27.001188
459,18.491295,77.29467,0.86999446,27.400522
460,10.300909,64.30808,1.009985,15.799052
461,0.73035824,52.0001,0.74000716,1.9200071
462,1.5713238,41.999676,0.8100018,4.5914655
463,8.857337,57.001007,0.84999484,16.700203
464,13.132879,67.998695,0.9199874,20.90459
465,10.423324,61.00066,0.8799934,18.50154
466,12.705344,64.00069,0.9099916,20.101057
467,1.7897272,53.000366,0.52004045,6.4805303
468,1.7249551,52.999397,0.5100413,6.439741
469,1.7013637,51.999577,0.52004045,6.280762
470,0.4703729,49.998154,0.2501479,3.790337
471,11.209209,83.6706,1.5739036,8.518818
472,11.390369,69.99734,0.9280523,17.500048
473,11.909005,72.000175,0.9007946,18.398643
474,12.904984,67.00114,0.9207709,20.90029
475,13.910919,71.997444,0.89999205,21.597948
476,15.073423,70.00008,1.030009,20.900034
477,20.802547,75.000374,1.1600039,24.599735
478,2.0610616,60.996365,0.5700305,6.0047097
479,2.1937318,61.99451,0.58002824,6.1950216
480,2.4800813,63.010033,0.590025,6.308768
481,15.101034,72.78588,1.0899639,19.10063
482,15.101034,72.78588,1.0899639,19.10063
483,16.395174,84.99861,0.8000006,20.000015
484,6.551585,68.11785,0.6500175,14.731482
485,6.929032,68.04571,0.680013,15.259198
486,4.42812,31.999296,0.81999993,14.7989435
487,3.0401654,31.999651,0.7600058,12.500294
488,3.1222985,49.002537,0.67001516,9.561081
489,4.9998403,61.00034,0.7100125,11.4767065
490,4.675935,60.99704,0.720009,10.633954
491,8.066452,61.00111,1.5099089,9.909992
492,8.066452,61.00111,1.5099089,9.909992
493,10.22951,66.99974,1.5199133,10.049975
494,9.040827,70.00032,0.77934337,16.570694
495,21.430912,78.80084,1.1899246,22.681364
496,6.226816,66.307465,0.82999724,11.331179
497,5.69573,61.29979,0.8399972,11.046765
498,6.5888987,53.998848,0.7730233,13.399115
499,5.989009,53.998276,0.79000247,11.9008045
500,7.59344,41.999508,0.76233065,20.099443
501,10.113828,68.99877,1.1099602,15.929118
502,0.59026825,52.862625,0.4900476,2.2904544
503,0.871679,37.98039,0.5700305,4.0107174
504,0.7704861,39.845474,0.5300365,3.6282303
505,1.3909807,52.98181,0.6200192,4.3202715
506,17.7678,62.778427,0.9192268,30.790314
507,2.5425391,40.904026,0.60502136,10.959548
508,2.3218772,47.3968,0.9400234,6.149616
509,2.8262508,54.00175,0.979992,10.250702
510,6.99755,60.977974,0.95998526,11.957868
511,5.799478,47.44479,0.7500048,16.355158
512,6.0032206,58.140892,0.720009,14.471061
513,3.499127,56.57847,0.62094134,9.869694
514,2.2824268,38.998875,0.67001516,9.39152
515,1.9601189,35.35962,0.67001516,8.239781
516,0.030036436,28.970634,0.5100413,0.2400781
517,0.03981453,33.940845,0.19022192,0.56998634
518,3.0134356,46.69977,0.66001713,9.700007
519,8.936466,73.0948,0.7370083,16.735413
520,15.050652,77.0015,0.9899789,20.05021
521,13.122949,75.99924,0.9099916,18.966225
522,4.6192546,42.098114,0.9199874,11.900284
523,6.0501,48.09417,0.8599955,14.699701
524,4.780024,43.795143,0.6900274,15.34012
525,5.7125964,52.704033,0.74000716,14.639548
526,6.354237,56.486355,0.74000716,14.9949045
527,6.8368163,60.797657,0.74000716,15.332268
528,6.2705145,60.800625,0.6500175,16.020397
529,5.7983623,60.79977,0.6500175,14.759076
530,2.6700416,44.015842,0.6200192,9.658257
531,6.7505527,74.069275,0.47005585,19.010168
532,10.874367,66.93325,0.5000449,28.7632
533,7.8801546,69.999954,0.8100018,13.895941
534,7.406737,68.99618,0.79000247,14.109101
535,5.8239684,61.99443,0.79000247,11.597345
536,5.8203654,60.999634,0.7800021,12.120726
537,2.2144396,50.00006,0.8000006,4.8407106
538,8.258274,75.99706,0.720009,15.389967
539,10.986115,69.999756,0.7000117,20.000698
540,4.198542,60.001816,0.60002327,11.69053
541,4.198542,60.001816,0.60002327,11.69053
542,13.741461,72.001656,0.9199874,18.10071
543,12.383147,73.00995,0.9299875,18.180775
544,16.740776,84.9764,1.0198528,19.50725
545,16.200788,83.998276,1.009985,19.300192
546,1.1920279,64.00132,0.9299875,1.9999158
547,0.73035824,52.0001,0.74000716,1.9200071
548,1.5713238,41.999676,0.8100018,4.5914655
549,10.761918,69.000404,0.89999205,15.178965
550,11.001404,67.99846,0.9400234,17.218533
551,10.609119,66.997665,0.9500037,16.599249
552,9.100413,68.00034,0.89999205,14.900541
553,6.9962573,58.998592,0.9199874,12.808815
554,4.105827,50.59028,0.8799934,9.297588
555,4.5047154,53.7031,0.89999205,9.700201
556,11.88775,70.511444,0.8799934,19.182138
557,7.971745,70.34517,0.8799934,12.852387
558,2.2946393,35.605465,1.0799302,5.969697
559,2.308304,38.400967,0.9199874,6.5421877
560,4.7193832,54.294632,0.979992,8.870513
561,3.4717715,46.003155,0.95998526,7.8628154
562,3.4107146,43.10163,0.979992,8.070141
563,2.87149,41.00092,0.99998546,7.001025
564,3.960663,49.999405,0.9299875,8.510218
565,0.32111105,30.00033,0.67001516,1.7001007
566,0.14006889,30.00002,0.320115,1.5000159
567,0.4114217,28.000017,0.60002327,2.4288232
568,0.24967271,29.00033,0.60002327,1.4000478
569,1.0207812,29.000923,0.95998526,3.650984
570,1.9565716,28.000921,1.1498191,4.595312
571,1.3998284,30.80578,0.8399972,5.2099013
572,3.3265288,43.980923,0.8799934,7.789048
573,1.6314142,38.781384,0.89999205,4.655341
574,2.8694158,43.47392,0.95998526,6.7998953
575,5.00103,39.99902,0.7500048,16.300678
576,5.4834356,61.825203,0.81999993,10.797445
577,7.566096,64.81504,0.82534486,14.140966
578,3.3917131,54.9999,0.5600292,10.299486
579,3.1064665,53.99696,0.54003555,9.503649
580,3.7601042,69.82148,0.610021,8.7508135
581,5.6627865,63.198887,0.8799934,10.318162
582,2.769943,58.54118,1.1099678,4.7692566
583,3.403193,63.483555,0.60002327,8.8755045
584,11.3170805,63.987602,0.95998526,18.39228
585,13.704615,78.00265,0.86999446,20.699726
586,13.704615,78.00265,0.86999446,20.699726
587,5.40827,67.00003,0.8599955,9.399425
588,11.727655,65.98279,0.979992,17.7917
589,9.122422,77.99998,0.7600058,18.300913
590,7.3468103,65.0003,0.7500048,15.200181
591,9.163629,80.274086,0.89999205,13.158477
592,6.6223497,60.819,0.8599955,12.669712
593,14.2010765,81.70143,1.1099602,15.33085
594,14.030133,77.200516,1.1999639,14.191178
595,14.869488,81.702415,1.1999202,14.618676
596,15.5922575,82.50046,1.1999202,15.280089
597,6.796385,64.472885,0.74000716,14.285508
598,7.601268,65.101524,0.74000716,15.830686
599,7.6981673,69.6203,0.74000716,14.929471
600,7.99575,66.60186,0.74000716,16.18997
601,0.80046713,8.540677,17.15161,0.62108666
602,0.54591584,3.761243,10.938408,0.633073
603,8.841643,61.002056,0.79000247,18.458187
604,9.752851,59.004696,0.82999724,19.85955
605,8.770134,59.999016,0.74000716,19.723509
606,15.312514,75.499626,0.88099027,23.029562
607,20.547775,76.95192,1.129882,23.510056
608,1.1500705,73.09984,0.49104878,3.2004213
609,0.23576523,64.39976,0.4340564,0.8370758
610,0.2939169,66.19783,0.42407444,1.0495098
611,0.098294094,69.99959,0.32410973,0.42510772
612,0.23247598,68.80165,0.42007658,0.80501205
613,9.334953,62.99671,0.74000716,19.849976
614,2.4973822,49.37483,0.74510723,6.42081
615,1.2004936,45.400555,0.5000449,4.90019
616,5.3210697,63.001892,0.68518907,12.319008
617,6.163474,68.981804,0.7100125,12.680087
618,4.4020147,67.63764,0.8599955,8.170869
619,4.351175,67.35388,0.8599955,8.090313
620,15.715339,73.786606,1.0899639,19.09851
621,20.598879,80.001785,1.1393179,22.699965
622,14.938496,73.002525,1.0799302,18.6295
623,19.894045,77.998085,1.1699281,21.798067
624,18.093845,77.0048,1.0799302,21.700201
625,12.390933,80.498825,1.1899683,12.930167
626,6.290012,74.01086,0.610021,13.930474
627,1.9612387,54.000412,0.7000117,5.079895
628,4.5282807,77.99852,0.82900053,7.1689444
629,14.999873,65.99943,0.9899789,22.898323
630,17.997946,73.00011,1.0799302,22.799511
631,2.4519272,50.71351,0.48004755,10.099898
632,7.902793,68.99598,0.7500048,15.199327
633,3.172822,59.99968,0.5851721,9.03884
634,7.9605584,63.000576,0.76999956,16.539528
635,14.700652,60.50119,1.030009,23.6014
636,8.759458,51.800934,0.9299875,18.179815
637,9.481682,69.03346,0.7800021,17.343155
638,12.605257,63.400127,0.86999446,22.49897
639,8.799098,57.497883,0.8100018,17.798187
640,4.9013243,43.60867,0.74000716,15.200639
641,12.201542,73.172714,0.84999484,19.600245
642,12.0995035,72.50323,0.8599955,19.301512
643,11.898829,69.906334,0.89999205,19.00089
644,8.239541,69.99967,0.7800021,15.088811
645,5.80697,58.506153,0.6500175,15.279992
646,0.63176954,39.00031,0.5100413,3.2300005
647,0.09973635,23.400349,0.6200192,0.5000714
648,5.2016034,48.900703,0.82999724,12.800134
649,7.9009314,52.30167,0.82999724,18.100168
650,1.3993301,55.00209,0.6200192,1.9999145
651,2.9278986,65.86759,0.52004045,9.200241
652,1.3893291,47.00212,0.5700305,3.7996535
653,8.418224,69.00062,0.89999205,16.403137
654,8.122002,60.998642,0.8799934,15.073339
655,10.363591,71.00041,0.8799934,16.488525
656,9.404347,66.49172,0.7800021,18.122599
657,5.061643,59.09377,0.8799934,9.940095
658,13.701293,65.99972,0.89999205,23.001524
659,5.1823983,49.59772,0.9400234,11.110675
660,3.2952769,40.096092,0.95998526,8.6004
661,3.5167434,41.30312,0.89999205,9.500547
662,9.769869,73.365036,0.73000854,18.27559
663,12.343716,70.99921,0.82999724,20.090378
664,6.840895,42.999702,0.7800021,18.570786
665,20.901672,80.00558,1.1209388,24.000969
666,14.1959,71.99989,0.9199874,21.49841
667,10.030668,83.062195,1.5779048,7.6512556
668,16.69428,69.60071,0.6200192,38.696674
669,0.6001372,62.000305,0.44906375,2.0992308
670,16.1564,72.99963,1.059973,21.098246
671,15.590339,71.99985,1.009985,21.461504
672,9.270544,65.94985,0.82999724,16.992392
673,6.9481354,57.322483,0.8799934,13.699989
674,7.2952805,64.003586,0.9099916,12.197268
675,2.6034133,38.99932,0.82999724,8.099315
676,2.4391992,37.000237,0.84999484,7.839514
677,1.5122697,35.000053,0.7000117,6.210578
678,0.19130264,35.00015,0.44006157,1.4001305
679,0.44675985,40.003124,0.4600563,2.784865
680,0.19130264,35.00015,0.44006157,1.4001305
681,2.7432446,59.996853,0.54003555,8.450422
682,4.5649824,45.596497,0.979992,10.2394705
683,1.9196811,30.49143,1.009985,6.2480445
684,0.71032315,28.596615,0.75293374,3.2900662
685,1.0892063,38.459126,0.7500048,3.7093809
686,4.7611732,60.99737,0.74000716,10.537943
687,7.4604807,72.29445,1.5099089,6.730774
688,1.1271081,35.00007,0.5700305,4.7995853
689,7.1578913,63.000076,0.8799934,15.200342
690,12.613991,74.18766,0.9280523,21.000265
691,16.786552,74.190636,1.0267761,22.002537
692,8.0145235,68.432434,0.7340096,16.500757
693,18.03364,73.010025,1.1600039,22.663126
694,8.41533,56.157104,0.38008153,34.956974
695,1.0183458,24.999949,0.5100413,5.8503246
696,1.1677595,51.00039,0.60002327,3.149929
697,2.410162,30.000286,0.60002327,13.5001955
698,2.5789843,47.00203,0.60002327,8.409452
699,1.249782,25.9997,0.37009126,12.9506445
700,16.002752,73.60194,0.86999446,25.200548
701,7.4545536,61.985477,1.3100389,8.743721
702,4.2593036,70.99983,0.526041,11.3997555
703,6.061735,70.20112,0.5360332,16.100225
704,6.705511,68.300934,0.5570505,17.79221
705,3.5807188,61.721485,0.81999993,7.062559
706,3.057198,62.295277,0.74000716,6.6474705
707,2.5174384,58.52639,0.67001516,6.4854155
708,0.9104751,42.002518,0.7800021,2.7600567
709,4.571319,52.27475,0.66001713,13.241276
710,2.9686313,50.00064,0.610021,8.921262
711,2.777605,56.000267,0.610021,8.148252
712,2.9179914,52.999893,0.6200192,8.900989
713,7.0880775,59.99854,0.76999956,11.001717
714,11.969147,68.52729,0.8599955,20.316097
715,12.587621,65.08744,1.0198528,18.191736
716,10.039576,71.00043,0.7800021,17.538269
717,17.411497,79.62024,1.1099602,19.688967
718,17.900114,85.20943,0.9969848,21.071579
719,17.909283,85.23842,0.9969848,21.079214
720,17.889574,85.24847,0.9969848,21.079214
721,15.126871,74.16842,1.4499168,14.035634
722,12.209201,72.28006,1.2198853,13.899548
723,10.457444,67.30494,1.1393616,13.578574
724,12.457132,73.40203,1.2399956,14.207987
725,12.345946,61.48986,1.4299569,14.09979
726,7.6282763,82.59431,1.8498828,4.990437
727,5.059375,83.26788,1.7798938,3.7897074
728,4.7802796,83.601166,1.8598748,3.0799665
729,8.308939,54.6034,1.4499168,10.607556
730,6.5721135,65.0006,0.590025,17.266155
731,5.8384814,65.99905,0.5700305,15.44982
732,1.6023988,57.001797,0.58002824,4.871545
733,12.952869,64.49436,0.8899919,22.57174
734,8.811618,61.306404,0.9099916,15.789759
735,7.3740625,58.435986,0.86999446,14.520615
736,6.9101496,57.090508,0.81999993,14.757487
737,9.990825,67.80431,0.74510723,19.801016
738,11.440257,68.3094,0.7800021,21.469168
739,7.035602,63.02414,0.8899919,12.549071
740,6.5272675,63.3387,0.84999484,12.110377
741,5.783706,60.095013,0.8399972,11.118262
742,5.5611777,51.519196,0.9400234,11.479905
743,10.3512,76.457016,0.9299875,16.199652
744,16.098795,75.00018,0.85282624,25.200342
745,2.0533419,53.000134,0.7600058,5.078812
746,12.168916,74.37053,0.76999956,20.68015
747,19.882238,75.997734,1.1199586,23.302952
748,8.218865,68.002556,0.8599955,15.199665
749,7.891241,67.00429,0.86999446,14.80014
750,9.151328,70.998985,0.8799934,16.501389
751,8.767562,68.999985,0.8899919,15.799719
752,8.921019,69.996796,0.89999205,16.178158
753,9.365888,72.00086,0.9099916,16.900743
754,9.687818,74.000145,0.9199874,17.399067
755,12.093221,75.000244,0.9299875,17.79219
756,13.052157,77.008766,0.9400234,18.324333
757,13.244217,77.99278,0.9500037,18.707108
758,8.719529,63.46064,0.8599955,15.972998
759,9.162639,70.09294,0.8439462,15.478987
760,5.6021423,50.470287,0.6459216,16.039186
761,5.349476,53.17217,0.6300172,15.946506
762,4.350934,44.113445,0.6369214,15.46973
763,5.260357,53.716915,0.62588835,15.629943
764,13.406039,80.01954,1.0699717,14.526848
765,20.269426,76.99908,1.1497754,22.912605
766,1.7956947,52.99975,0.8899919,3.8992743
767,9.478507,63.999626,0.71819234,20.589035
768,9.192307,65.50116,0.7140916,19.761662
769,9.063869,67.8003,0.70900553,18.80824
770,18.478962,75.99769,1.0699717,22.699785
771,20.301641,77.99964,1.1393179,22.897978
772,21.886961,80.01594,1.1600039,23.00043
773,13.605219,69.0003,0.9899789,20.039341
774,8.072628,57.97596,0.8551623,16.289198
775,10.450522,63.73036,0.45106035,36.340115
776,11.810688,65.23037,0.4780552,37.88971
777,17.808784,78.41984,1.1099602,20.900599
778,18.396584,79.29174,1.1099602,20.90057
779,16.81523,75.00402,1.0799302,20.702126
780,15.407279,73.79515,1.030009,20.299929
781,6.4581704,60.0004,1.3100389,7.4417396
782,8.040915,68.99892,1.3600091,8.571216
783,1.4997729,43.00044,0.6300172,5.5001764
784,4.310972,57.00174,0.7000117,10.900431
785,3.6907156,65.00016,0.60002327,9.226174
786,3.7002573,65.99866,0.60002327,9.39047
787,3.5006912,65.00003,0.60002327,8.961782
788,3.9912684,65.98877,0.58002824,10.224587
789,4.1995015,67.99846,0.60002327,10.327926
790,5.102806,68.00148,0.66001713,11.900054
791,5.4994154,65.000305,0.67001516,12.641212
792,5.0805087,63.999474,0.73000854,10.830672
793,7.240078,62.00399,0.7100125,16.48912
794,2.6613321,46.999622,0.7600058,7.4919086
795,4.2423205,54.00189,0.82999724,9.398891
796,4.939593,51.001244,0.5100413,18.779915
797,4.9217405,51.999325,0.48004755,19.491581
798,2.5703335,40.000076,0.35009858,18.570107
799,7.6831427,63.43267,0.89999205,11.907106
800,5.299823,67.99912,0.7800021,9.950585
801,2.5636969,53.001633,1.030009,4.69187
802,2.9589195,52.001,1.030009,5.698999
803,3.1708612,49.999783,1.1799645,5.35018
804,4.097848,62.991135,0.81999993,7.949815
805,7.933675,56.00096,0.8599955,16.608194
806,10.562093,67.002014,0.9500037,16.096169
807,5.2879114,52.9999,0.8799934,10.598987
808,4.7001543,65.00136,0.9700028,7.499335
809,5.4005136,60.000187,1.1699718,7.7369776
810,8.267659,70.00041,0.82999724,14.179125
811,6.1140666,52.99712,0.81999993,13.969714
812,6.0282373,53.998825,0.76999956,11.406379
813,7.0810866,61.99475,0.8100018,13.522475
814,6.6142473,55.999554,0.8899919,11.219869
815,12.500699,60.997505,0.9299875,21.699339
816,14.299882,66.00015,0.95998526,22.499517
817,2.230649,40.21005,0.318127,17.38063
818,7.039183,74.702385,1.5898985,5.9305263
819,11.28962,68.00017,1.0500355,15.5052595
820,10.001199,65.454384,0.8399972,18.251446
821,6.664755,51.633167,0.8899919,14.150023
822,9.952897,66.766106,0.82999724,17.660162
823,6.340857,46.195816,0.82999724,16.329145
824,7.8554597,69.62493,1.3709553,8.2204685
825,7.11262,72.1804,1.386953,7.10026
826,8.01692,68.89668,0.7500048,15.499544
827,9.246824,69.34551,0.8100018,16.490486
828,15.176304,65.00123,0.979992,23.620024
829,15.398672,67.00019,0.95998526,23.810793
830,12.739606,56.000183,0.9400234,23.75948
831,7.611111,54.049522,0.9199874,19.029882
832,17.044039,69.621124,1.059973,23.248966
833,10.300022,64.70032,0.53123456,29.960653
834,11.048857,63.299194,0.84999484,20.202168
835,14.609815,68.29825,0.95998526,22.303741
836,9.59457,68.809685,0.74671865,18.670563
837,10.796315,69.79446,0.79592365,19.399908
838,10.533916,68.50032,0.7639804,20.110891
839,10.207672,68.097046,0.75293374,19.884089
840,0.18124631,38.000584,0.36009398,1.3200185
841,0.07303496,21.000547,0.6300172,0.21009901
842,0.061064225,35.000187,0.37009126,0.47000492
843,0.0054877577,30.000278,0.13024876,0.12019572
844,4.1996245,65.70178,0.79592365,8.130131
845,11.973407,73.99265,0.98598075,17.214834
846,15.68832,74.00274,1.0198528,20.300531
847,11.277538,72.7008,0.89999205,17.210062
848,16.011126,80.21092,1.0198528,19.5207
849,13.340772,76.30388,1.039978,16.87916
850,15.601065,78.2957,0.9700028,20.428818
851,5.8500943,48.497456,1.0198528,11.831045
852,10.241571,63.696198,0.8799934,18.269714
853,12.110532,63.975327,0.95998526,19.699045
854,14.469842,74.316925,0.89999205,21.642838
855,5.2519994,48.00013,0.720009,10.852909
856,17.73572,74.52302,1.0899639,20.757416
857,19.239202,77.889084,1.0198528,24.30749
858,7.987846,56.532993,0.78497267,17.990587
859,0.07681479,30.463257,0.19022192,0.83705205
860,13.300172,76.07697,1.1199586,15.600624
861,7.3245425,67.689255,0.7370083,14.699216
862,7.2800403,54.00048,0.84999484,15.61883
863,8.931998,56.000263,0.86999446,18.431221
864,10.160399,57.00265,0.8899919,20.118761
865,2.630547,51.03841,0.82999724,5.2517734
866,1.8025137,51.796497,0.8899919,3.8003945
867,1.4824653,47.000607,0.720009,4.400179
868,0.98034316,41.639465,0.5300365,4.4405513
869,5.6495013,62.040443,0.63998854,13.541784
870,4.3017077,60.997326,0.79000247,8.902727
871,5.8718057,67.00064,0.7672244,11.473094
872,6.332279,67.999664,0.79592365,11.670717
873,6.1611137,67.999954,0.79214555,11.455268
874,8.701325,62.905277,0.690966,20.198683
875,6.639893,64.981995,0.7808073,17.791618
876,8.200462,61.626873,0.7340096,17.239174
877,7.46095,58.978962,0.7340096,17.239166
878,7.1400123,56.7137,0.8980767,14.107585
879,5.86172,47.402977,0.8354167,14.821434
880,8.916211,65.59054,0.7808073,17.389887
881,8.268771,62.795567,0.7590783,17.371706
882,6.912453,61.303326,0.87252736,12.908943
883,3.283273,44.704166,0.87301135,8.390751
884,8.511847,64.88543,0.92694706,14.149082
885,2.3795323,43.909054,0.9048323,5.9880605
886,9.331322,60.99604,1.0198528,15.201535
887,5.5897446,59.98189,0.9099916,10.217474
888,15.35608,77.99702,1.1099602,18.317762
889,4.4071827,49.001434,0.6200192,14.399808
890,5.2024837,56.000137,0.8000006,11.000224
891,2.8040645,65.0004,0.7370083,6.599938
892,6.144393,67.98612,0.7428561,10.101075
893,5.1013637,61.001724,0.7380097,11.400458
894,5.8944254,65.99914,0.755105,11.799399
895,6.703778,68.995514,0.7492956,13.0022
896,17.017864,71.0006,1.0500355,22.717028
897,2.4701693,36.484447,0.7600058,8.441233
898,9.408648,54.12636,0.79000247,20.890127
899,11.438404,68.130486,0.82999724,19.6894
900,5.9428,63.995556,0.5100413,17.66024
901,5.700205,61.998814,0.5100413,18.034883
902,5.2398973,63.00039,0.47005585,17.57874
903,3.5792809,46.001167,0.45006222,16.920141
904,1.1794806,42.000206,0.30012184,9.340303
905,0.41073227,47.899494,0.44405773,1.9297715
906,0.71029675,32.932877,0.26914322,6.480024
907,5.858411,53.28942,0.95998526,13.207696
908,7.69156,56.002216,0.720009,19.090704
909,1.0124539,44.002117,0.73000854,3.130847
910,0.41058496,38.999504,0.7000117,1.5100882
911,0.5405512,27.00045,0.680013,2.9704497
912,0.3109588,29.00087,0.6900274,1.5300919
913,1.1992271,35.999535,2.3248222,1.4260483
914,16.569723,77.0026,1.0267761,21.046673
915,17.448505,78.998764,1.0316954,21.469719
916,16.883036,77.000565,1.0460807,20.918633
917,17.516043,78.00223,1.0680908,21.181967
918,19.830286,83.002975,1.0812451,22.22136
919,19.240824,80.997574,1.0854803,21.965855
920,5.522831,54.001987,0.6500175,15.670565
921,4.4678226,65.000694,0.590025,11.567259
922,6.7893424,61.00105,0.7000117,17.087215
923,7.3099513,61.0025,0.73000854,17.096455
924,7.429882,71.9167,0.89999205,11.480937
925,30.10573,89.92,1.259826,26.60889
926,2.6615353,51.002605,0.73000854,7.1167274
927,1.989096,47.999214,0.67001516,6.1702538
928,3.5956452,45.999634,0.6139661,12.499979
929,3.9008186,46.000244,0.61213285,13.799576
930,2.4367046,49.979046,0.82999724,5.5250053
931,9.543201,67.80083,0.74603194,18.861673
932,14.895303,71.25218,1.0248793,20.022173
933,15.829985,73.80066,1.0586963,20.268589
934,11.519821,68.99956,0.9400234,17.797981
935,16.599386,73.39912,1.039978,21.801214
936,18.959164,75.52193,1.059973,23.700024
937,1.1708391,27.600225,0.6139661,6.890162
938,1.754481,48.001987,0.66001713,5.098253
939,0.32089365,35.999817,0.4900476,1.7900383
940,10.707951,60.99565,0.8000006,22.001165
941,0.9497605,30.469984,0.6500175,4.503625
942,16.61085,71.137764,0.8899919,27.020311
943,5.328493,51.04817,0.8000006,11.494096
944,3.1523497,37.766964,0.720009,10.108701
945,5.439377,59.90217,0.9299875,9.76632
946,4.5609,59.999928,0.9500037,8.000788
947,6.922726,65.28084,0.9299875,11.399715
948,4.528699,52.042564,0.979992,8.508063
949,9.948922,74.00036,0.9199874,14.61051
950,6.1492357,67.09907,0.84999484,10.790356
951,6.101261,47.400826,0.9199874,13.980401
952,9.300658,68.68732,0.9099916,14.868954
953,4.1538906,48.21145,0.9099916,9.468966
954,5.673149,54.700516,1.030009,10.070929
955,5.1109977,64.806755,0.9199874,8.580846
956,6.7488174,66.40164,0.9199874,11.046642
957,2.1317394,45.9972,0.9099916,5.170024
958,5.410412,65.99653,0.89999205,8.599781
959,7.9225864,69.999855,0.9500037,11.857927
960,4.1613846,75.0002,0.8799934,6.299165
961,5.2508855,70.00129,0.9400234,5.260401
962,5.6410437,64.99846,0.86999446,9.939237
963,2.9818606,53.589947,0.8799934,6.3218307
964,5.0470047,59.095036,0.8599955,9.939893
965,5.0699253,58.984535,0.95998526,10.319234
966,5.0349994,59.99824,0.9700028,8.669525
967,5.2922263,59.00072,0.9700028,8.909846
968,2.6451652,35.998024,0.8399972,8.506272
969,1.4702724,28.000027,0.8100018,6.290358
970,8.317542,72.90862,0.7600058,14.511112
971,0.5304548,47.000427,0.43006486,2.8907645
972,0.44013897,41.00081,0.43006486,2.7302508
973,19.600237,80.27716,1.0999627,21.810257
974,2.6204998,56.877434,0.95998526,4.80998
975,2.5293999,61.324783,0.89999205,4.590787
976,2.8110273,43.732773,1.1799645,5.527859
977,3.2097554,49.467915,1.1498191,5.6318564
978,3.5871542,55.212624,1.129918,5.69948
979,3.557963,56.104256,0.8399972,6.8125134
980,4.15345,59.871593,0.84999484,8.132168
981,4.1785197,62.514694,0.8399972,7.950454
982,1.6100055,55.999542,0.49104878,5.8694057
983,0.18055405,55.000896,0.26914322,1.1999587
984,12.73081,63.86243,0.5836778,37.1975
985,14.020624,71.10524,0.9157475,21.551212
986,7.42093,56.390766,0.87252736,15.083341
987,14.012152,70.71032,0.8990484,20.740282
988,13.469408,71.60362,0.8980767,20.936106
989,4.198451,60.999416,1.0500355,6.4996657
990,4.6170874,59.998398,0.86999446,8.800627
991,4.3956256,61.997047,0.9899789,7.2986164
992,2.4527009,38.999714,0.9199874,6.7704487
993,4.053526,59.999672,0.89999205,7.5401144
994,0.36832494,29.0004,0.5000449,2.5691907
995,2.2607543,33.605793,0.99998546,6.719094
996,10.199123,68.60187,0.95998526,15.49979
997,10.60104,71.200096,0.95998526,15.50101
998,5.902496,58.907307,0.84999484,11.79776
999,6.400527,61.843285,0.86999446,12.315272
1000,9.383074,67.93717,0.9356706,14.931892
1001,9.4286175,70.237045,0.92694706,14.991825
1002,10.285349,71.610435,0.9280523,15.469383
1003,11.006678,75.001625,0.93783695,15.639913
1004,10.155567,77.19283,0.89999205,14.646089
1005,9.725224,77.60882,0.9048323,14.188892
1006,21.220661,80.26525,1.1899246,21.887388
1007,9.402114,68.02094,0.81999993,15.62902
1008,11.457951,67.000336,0.84999484,16.799284
1009,7.171387,72.988495,0.9899789,9.823954
1010,2.8470407,35.99688,0.8799934,8.601072
1011,3.7617877,37.99919,0.8399972,11.900139
1012,3.1002684,32.000275,0.9299875,10.300214
1013,2.920604,32.99877,0.89999205,9.730717
1014,8.031936,61.239265,1.1199946,11.660795
1015,8.136011,66.10861,0.7600058,15.390423
1016,8.623759,68.41864,0.76999956,15.500314
1017,5.401142,65.99927,0.60002327,13.740406
1018,22.8474,82.486015,1.1749375,23.999184
1019,21.649902,80.87698,1.126954,23.74993
1020,5.8806643,59.238705,0.8100018,12.100541
1021,5.329568,62.31195,1.5699004,5.41826
1022,9.800261,59.543686,1.009985,16.440807
1023,9.743819,59.99971,1.9998577,8.120031
1024,7.0102983,73.39824,0.7380097,12.938496
1025,7.2343674,75.80047,0.74671865,12.780606
1026,8.009567,76.60106,0.8010198,13.047987
1027,6.784498,75.27982,0.7510082,12.489272
1028,5.06493,71.10222,0.7149572,9.9604845
1029,5.7698317,72.698265,0.7510082,10.571174
1030,6.1639504,48.50023,0.62308675,20.352413
1031,6.730654,49.601387,0.63401794,21.409342
1032,7.129405,50.09996,0.6350189,22.35934
1033,6.556886,50.034874,0.60502136,21.199821
1034,6.8813963,51.90171,0.6109104,21.709702
1035,7.10234,53.59813,0.6160269,21.520847
1036,1.166274,55.843197,0.66001713,3.4286118
1037,5.798083,69.99957,1.0799302,7.599314
1038,1.459701,40.904503,0.81999993,4.400515
1039,2.105868,44.213993,0.76999956,6.141122
1040,15.173105,73.391136,1.039978,19.882101
1041,18.0055,80.513695,1.039978,21.500027
1042,1.630345,32.00025,0.4900476,9.939183
1043,2.1661272,32.9838,0.5000449,13.221447
1044,2.7304513,32.99841,0.52004045,16.260342
1045,1.9955359,41.999207,0.74000716,6.5163546
1046,7.7010293,73.00008,0.8037976,13.250408
1047,9.093051,70.44246,0.75293374,17.180368
1048,10.594321,72.75079,0.81490797,17.538801
1049,10.804596,75.31114,0.76999956,18.259537
1050,13.303063,75.56817,0.8599955,20.409418
1051,15.939203,74.78981,0.82999724,25.34004
1052,13.475173,74.06121,0.8619925,21.039093
1053,15.396281,73.459564,0.8399972,24.670149
1054,8.100357,65.08919,0.720009,16.870258
1055,12.780415,74.01751,0.8213736,19.892643
1056,8.73452,66.19309,0.8100018,16.269821
1057,7.998817,65.88006,0.71050596,17.080696
1058,9.203688,67.79976,0.7370083,18.304102
1059,10.040704,72.00195,0.7800021,17.700872
1060,9.002376,69.999275,0.74000716,17.303177
1061,11.494842,73.08975,0.953085,17.331491
1062,16.571507,75.83965,0.84999484,25.700026
1063,15.040822,73.46617,0.82999724,25.399904
1064,6.4217086,41.99945,0.8599955,17.57034
1065,3.476719,45.999214,0.9400234,8.03583
1066,5.30153,55.99776,0.89999205,10.477336
1067,6.356877,62.28095,0.4780552,19.356165
1068,6.089406,68.60611,0.5340332,16.714382
1069,5.799477,61.20216,0.4960448,19.200008
1070,8.393563,61.001328,0.7500048,17.399096
1071,4.0687437,46.999126,0.82999724,9.390137
1072,1.9988538,32.000664,0.9500037,6.672012
1073,15.639121,73.77331,0.8439462,25.29421
1074,16.547844,77.49808,0.8308124,25.70004
1075,8.271294,69.39827,0.52004045,22.929794
1076,20.475468,78.94246,1.059973,24.560862
1077,16.10103,71.10204,0.8419223,26.899172
1078,2.2300777,46.822647,0.8799934,5.409483
1079,4.7309575,56.321796,0.95998526,8.749797
1080,2.743046,56.09923,0.84999484,5.7493515
1081,3.0700018,64.48972,0.8399972,5.669467
1082,3.0445852,41.404457,0.67001516,11.918812
1083,3.2987416,41.598026,0.680013,11.671008
1084,5.7703853,50.895332,0.70494545,15.971603
1085,5.3739133,54.78556,0.73000854,13.002935
1086,12.760779,68.04127,0.9969848,18.831354
1087,1.6077092,45.993687,0.4900476,6.599699
1088,1.9911094,30.999567,0.8399972,7.6711755
1089,2.4377956,35.00012,0.8899919,7.1556506
1090,3.099788,35.00067,0.979992,9.040105
1091,20.579708,79.44578,1.1354799,22.849733
1092,0.41927585,42.000446,0.5100413,1.9505515
1093,0.2693104,62.0006,0.42007658,0.42011553
1094,1.5881752,55.0051,0.42007658,5.6487756
1095,0.65931547,49.004337,0.41007692,3.3176665
1096,11.360532,69.99979,0.680013,23.969881
1097,7.6015325,62.78469,0.75725937,15.980636
1098,20.445189,79.83705,1.0899639,23.559483
1099,17.111881,77.40502,0.8399972,26.300356
1100,13.039847,76.76024,1.1199586,16.294764
1101,15.599892,72.403046,0.82999724,25.899296
1102,8.145745,52.46225,0.7800021,24.301052
1103,17.698637,78.29779,0.84999484,26.60138
1104,11.187133,65.90237,0.79000247,21.489752
1105,8.001407,63.00741,0.74000716,17.193958
1106,15.425659,74.70885,0.8899919,22.532913
1107,8.440666,57.197693,0.42807108,34.49981
1108,5.050419,51.296158,0.9749869,10.079954
1109,19.41295,78.9981,1.1004509,22.368362
1110,18.303501,78.00288,1.0742377,21.86416
1111,18.796064,74.99643,1.1149611,22.4353
1112,16.001677,73.0022,1.0316954,21.210667
1113,5.0567174,53.994995,0.680013,13.994695
1114,5.595837,56.17896,0.7000117,14.213238
1115,6.5950093,60.099216,0.7149572,15.338587
1116,7.988014,65.001366,0.74000716,16.60835
1117,7.868657,65.20756,0.7343363,16.430132
1118,16.041864,70.99042,0.89999205,23.530502
1119,12.780228,66.79946,1.039978,18.399734
1120,6.1180744,68.40371,0.720009,12.430413
1121,3.648052,64.807434,0.7600058,7.796054
1122,3.0027747,59.087105,0.5960218,8.51947
1123,18.698395,77.79816,1.1497754,20.892729
1124,0.27627808,54.768772,0.45006222,1.1002618
1125,5.4777966,59.209515,0.89999205,10.46224
1126,4.923589,59.398304,0.8899919,9.290118
1127,3.7117145,62.208805,0.9099916,6.541061
1128,2.496768,56.494793,0.8799934,4.900015
1129,9.388664,59.861073,1.039978,15.086603
1130,2.0443137,43.0013,0.5890593,10.83958
1131,12.5934925,57.0168,1.059973,19.524853
1132,15.405101,68.00124,1.059973,21.498703
1133,17.44878,73.99928,1.0500355,22.804869
1134,18.294672,76.00005,1.0500355,23.00226
1135,17.597288,75.00047,1.0198528,22.900106
1136,8.460561,68.09275,0.73000854,17.020721
1137,5.84543,54.875637,0.720009,14.782193
1138,7.5745425,66.194435,0.720009,15.899879
1139,7.8115354,65.100685,0.73000854,16.431438
1140,7.9319515,67.19426,0.73000854,16.173426
1141,8.000381,59.803165,0.7100125,18.799799
1142,7.1418347,64.102776,0.71819234,15.502416
1143,2.3600264,70.8983,0.68593323,4.8497663
1144,3.72025,62.516106,0.73000854,8.16132
1145,5.598879,64.30414,0.63998854,13.399655
1146,3.6031742,57.00177,0.6900274,9.169156
1147,18.48663,74.99997,1.030009,23.800741
1148,15.919237,70.99989,0.979992,22.70022
1149,14.682407,64.40007,0.9700028,21.400654
1150,3.8601453,64.001854,1.1799645,5.171669
1151,11.100876,58.20185,0.8669956,21.899397
1152,15.200701,72.405525,0.81490797,25.699919
1153,6.786958,63.00202,0.74000716,14.530577
1154,9.601597,65.99842,0.71183836,20.400301
1155,12.991106,67.61652,0.9979248,19.245588
1156,14.607565,78.60009,1.1699281,15.890566
1157,13.487475,75.29364,1.1600039,15.061384
1158,17.318653,73.5093,0.8338493,28.000744
1159,18.146503,76.31827,0.8939226,26.724407
1160,15.755959,71.63089,0.82534486,26.237654
1161,7.4795737,49.742138,0.7956461,18.250195
1162,3.890779,66.999794,0.58002824,10.029776
1163,4.5109196,51.092777,1.039978,8.509438
1164,9.016966,66.3022,1.0500355,10.695726
1165,5.1317086,60.000465,0.7060792,12.311533
1166,5.658476,59.808716,0.70801145,13.389105
1167,5.860673,64.69952,0.71819234,12.610187
1168,11.031382,57.00146,0.9199874,17.853
1169,16.571363,81.34716,1.2799261,15.919971
1170,0.31069574,38.999287,0.60002327,1.3201387
1171,15.818759,65.24935,1.1999202,20.20021
1172,11.435741,59.99996,0.9500037,19.790745
1173,1.4911989,53.00001,0.8399972,3.2800639
1174,12.404769,68.00077,0.9500037,18.899935
1175,10.255771,59.00049,0.9299875,18.63647
1176,11.925321,64.99813,0.9500037,19.19069
1177,15.742909,69.98905,1.059973,21.943424
1178,16.75055,71.64015,1.009985,22.857134
1179,3.722288,43.99922,0.9500037,8.927295
1180,5.621118,62.414116,0.9500037,9.469841
1181,21.818127,76.991196,1.1393179,25.24678
1182,7.56193,64.30312,0.7880997,14.901491
1183,8.841105,59.701626,0.9654606,15.347729
1184,6.101627,52.000114,0.77800226,15.000117
1185,20.029339,83.29641,1.0799302,22.267166
1186,8.20084,66.107544,0.80299866,15.200815
1187,0.34938,32.993748,0.54003555,1.9799613
1188,0.4399074,37.000347,0.5500325,2.1601837
1189,0.25837845,35.999958,0.52004045,0.91000146
1190,0.3406319,47.001072,0.590025,1.2390677
1191,1.3092861,51.99798,0.5500325,4.5181904
1192,1.7114264,46.001762,0.54003555,6.882009
1193,2.2298374,52.000042,0.5500325,7.860886
1194,0.9612564,33.999825,0.60002327,4.7281475
1195,4.90334,71.10045,0.6810115,9.999834
1196,6.602448,71.199234,0.73000854,12.699837
1197,5.0999703,71.101234,0.680013,10.499885
1198,6.189782,70.99888,0.7149572,12.199437
1199,6.6004987,70.50388,0.7230072,12.800063
1200,4.6997576,72.19871,0.6708972,9.700426
1201,12.383993,73.00354,0.9500037,17.852638
1202,5.0201964,67.276985,0.5836778,12.759033
1203,0.0073803733,42.000225,0.10137818,0.16005524
1204,0.060235288,49.999935,0.7100125,0.16021626
1205,0.053286698,59.000454,0.58002824,0.15017636
1206,6.2658286,59.720722,0.7251846,13.804085
1207,7.379706,61.072758,0.7343363,16.422215
1208,7.5689807,67.687744,0.755105,14.820549
1209,6.881361,75.29809,0.7650582,11.940712
1210,6.897599,64.7025,0.9400234,11.28406
1211,13.104412,66.00019,0.9758507,20.399754
1212,3.6205933,78.000145,0.67001516,6.9301815
1213,1.4948465,37.000782,0.8799934,4.5999656
1214,1.8006446,32.99804,0.9700028,5.8000875
1215,3.5993295,40.000546,0.9500037,9.500627
1216,1.2037392,37.989407,0.84999484,4.105546
1217,5.5702806,49.999683,0.73000854,15.361904
1218,7.106816,71.99976,0.76999956,12.890502
1219,6.0012994,64.99812,0.7600058,12.042183
1220,5.976418,59.997894,0.7500048,10.000432
1221,1.2314606,48.000904,0.67001516,3.8519087
1222,1.0587683,44.000168,0.8000006,2.9697778
1223,0.86473846,39.999527,0.81999993,2.6295314
1224,1.0194147,44.00368,0.610021,3.8185406
1225,1.1163671,39.99969,0.67001516,4.200596
1226,0.8404025,47.002052,0.66001713,2.7502809
1227,6.8704314,66.86851,0.8899919,11.59907
1228,0.9749415,29.99999,0.66001713,1.7999461
1229,11.190291,65.71183,0.7163924,23.777277
1230,11.926679,64.87011,0.7031301,26.162252
1231,10.677048,66.38976,0.7163924,22.50641
1232,10.346351,67.19031,0.70801145,21.569653
1233,5.160103,42.664265,0.6900274,17.539993
1234,10.619486,61.524284,0.6900274,24.210777
1235,8.05676,55.8405,0.67001516,21.521393
1236,6.6644874,52.645103,0.67001516,18.910252
1237,1.2610002,23.403715,0.67001516,7.4320574
1238,17.739185,74.31108,0.8661299,27.888744
1239,1.009128,44.417526,0.67001516,3.3797107
1240,3.324824,43.67767,0.76999956,8.764452
1241,20.56267,77.00001,1.0999627,24.250816
1242,21.43048,79.00018,1.1199586,24.210527
1243,20.369652,75.99866,1.1199586,23.87746
1244,0.16651429,24.000175,0.5500325,0.8501226
1245,0.41977558,41.00079,0.79000247,0.8903262
1246,0.45101535,56.000217,0.95998526,0.93013674
1247,0.33099905,32.99873,3.189791,0.9800489
1248,0.41084298,41.000072,4.1197085,1.0000418
1249,0.4198464,41.999485,3.999746,1.0000418
1250,0.41052487,41.000042,3.7697577,0.9800489
1251,0.4002289,40.000267,4.309647,0.99003386
1252,0.33078343,32.99873,2.8098054,1.0000418
1253,17.260485,77.88074,0.8635867,25.650578
1254,18.115963,76.9816,0.88755995,26.509323
1255,16.920244,73.79891,0.88942844,25.790356
1256,18.283665,77.08427,0.8899919,26.651312
1257,18.496737,77.89292,0.8899919,26.679893
1258,17.027315,71.11892,1.0899639,22.030636
1259,18.599491,72.790634,1.1199586,22.799595
1260,18.098276,72.0025,1.1199586,22.500492
1261,15.871625,68.08263,1.0999627,21.697971
1262,8.399512,62.98046,1.6198914,8.230317
1263,9.476264,68.62277,0.80299866,17.704338
1264,10.20847,70.55457,0.8037976,17.991428
1265,7.0170116,63.005505,0.8399972,13.697217
1266,15.900674,71.73077,1.0500355,21.111631
1267,18.386593,73.94802,1.1084691,22.452705
1268,19.53173,77.18382,1.1497754,22.514183
1269,5.937741,51.515335,0.7600058,15.15114
1270,5.6054974,35.634167,0.7600058,16.914005
1271,1.1620526,41.316116,0.4600563,5.249807
1272,1.7300708,32.930878,1.0799302,4.6003933
1273,19.578154,77.785286,1.0854803,23.970226
1274,12.032571,65.999344,0.91202885,19.877663
1275,11.8777685,68.00154,0.91841763,18.959335
1276,11.880103,67.00079,0.90188265,19.640957
1277,14.541485,72.68071,0.8399972,23.820704
1278,8.040632,67.78566,0.73000854,16.246077
1279,1.6213,40.813248,0.672065,6.1994
1280,5.939581,67.99938,0.8799934,9.920916
1281,9.340071,74.00419,0.81999993,15.076238
1282,6.2095428,68.99907,0.81999993,10.891116
1283,3.441804,53.001404,0.6500175,10.049214
1284,14.76907,71.72537,0.9700028,20.209856
1285,14.76907,71.72537,0.9700028,20.209856
1286,4.539964,48.220272,0.9500037,9.621842
1287,6.5319934,60.500828,0.76999956,11.840588
1288,1.9600644,59.991543,0.5300365,6.2311
1289,0.59846133,62.003525,0.41007692,2.291366
1290,13.800215,74.10231,1.1899246,15.660037
1291,7.9090905,53.951046,1.0198528,14.141117
1292,8.491612,56.81845,1.039978,14.390187
1293,9.716216,57.69732,1.039978,15.900159
1294,11.902667,62.60183,1.0198528,18.729607
1295,12.591902,62.774742,1.009985,19.859928
1296,12.591902,62.774742,1.009985,19.859928
1297,15.511623,64.14939,1.0500355,22.79959
1298,7.6289215,47.408424,0.7800021,20.402271
1299,7.617177,68.462906,0.7060792,15.740592
1300,11.164678,59.999207,0.953085,19.52016
1301,14.92879,70.00017,0.98598075,21.632795
1302,1.2406434,27.000925,1.0198528,4.549166
1303,3.5914664,43.999596,0.9199874,8.506642
1304,3.9870572,46.007248,0.8599955,9.824992
1305,1.5006489,54.699245,0.8000006,3.431024
1306,3.702232,58.579716,0.8899919,7.009866
1307,4.3460846,51.00815,0.8899919,9.397518
1308,4.5765166,50.999767,0.8899919,10.220013
1309,10.540302,66.02888,0.73000854,22.243113
1310,5.018677,51.001152,0.680013,10.117855
1311,6.368767,57.001858,0.7000117,11.200464
1312,11.101149,65.73132,0.89999205,18.72909
1313,15.80936,74.64726,1.009985,20.841572
1314,0.67932874,59.99986,0.4900476,0.59005314
1315,5.0735426,66.30108,0.82999724,10.239793
1316,5.0735426,66.30108,0.82999724,10.239793
1317,1.4091349,33.779854,0.8391671,4.9718943
1318,1.4405577,33.171665,0.78497267,5.5296
1319,10.930318,64.188065,0.6724069,25.3197
1320,12.029828,63.114834,0.6828348,27.918913
1321,12.301217,60.301655,1.0799302,18.800438
1322,5.528179,64.99907,0.7000117,11.301189
1323,0.40360227,44.49096,0.24516703,0.1520622
1324,6.4092803,55.999916,0.9500037,12.101901
1325,7.319848,69.99961,0.86999446,14.600068
1326,4.0579996,52.00068,0.60002327,12.919892
1327,18.054728,78.14519,1.0140312,22.767721
1328,12.790597,61.90085,0.979992,21.079988
1329,15.401112,66.49728,1.030009,22.490528
1330,17.268442,71.60292,1.059973,22.74289
1331,10.192253,54.00188,0.99998546,18.930109
1332,3.1909015,45.002163,0.6200192,8.500873
1333,4.0908747,52.0029,0.680013,9.202586
1334,2.7817202,41.002213,0.58002824,7.8987627
1335,3.490332,48.00075,0.6500175,8.800793
1336,16.638815,75.51599,1.0699717,20.680256
1337,4.0083623,39.999016,0.86999446,11.199696
1338,3.7907608,68.80146,0.6828348,8.069409
1339,4.2171216,71.90394,0.6940131,8.449812
1340,3.2384489,74.01346,0.6708972,6.6888356
1341,2.4682913,74.0075,0.6369214,5.0829673
1342,0.70023894,29.00017,0.38008153,5.960657
1343,3.0789428,40.996613,0.66001713,11.732443
1344,0.9153926,48.00044,0.8100018,2.4208462
1345,0.91106427,47.999123,0.8599955,2.2297864
1346,0.07116717,28.00014,0.36009398,0.69007266
1347,0.7487122,37.000244,0.6200192,3.251496
1348,0.19001278,35.99949,0.7100125,0.72012115
1349,3.4026785,60.005524,0.6300172,9.922493
1350,1.5207396,32.000015,0.680013,7.038796
1351,0.852257,47.00021,0.610021,3.361201
1352,1.7575153,33.999687,0.720009,7.2407894
1353,13.638932,65.00126,0.8599955,24.070604
1354,11.37696,60.001965,0.8799934,21.330967
1355,10.953556,70.99942,1.2020127,12.639212
1356,9.140694,62.000893,1.1451174,12.880336
1357,5.7100854,52.189598,1.0198528,9.830075
1358,4.1282935,65.999664,0.63998854,9.767838
1359,17.237486,75.02558,0.9048323,25.695976
1360,3.9437022,57.468098,0.5540083,11.598331
1361,7.906179,55.999336,0.86999446,16.260864
1362,19.390036,79.44739,1.059973,23.02884
1363,20.805288,81.79055,1.0999627,23.131098
1364,20.57251,81.21356,1.0999627,23.039564
1365,22.258268,84.00021,1.1199586,23.730051
1366,6.980053,69.99724,0.7000117,9.999922
1367,8.734358,59.999157,0.8000006,14.999577
1368,15.732012,72.178894,1.0029187,21.24853
1369,5.600757,67.000206,0.720009,11.5806675
1370,5.600757,67.000206,0.720009,11.5806675
1371,2.9066644,53.998993,0.7500048,7.143025
1372,0.35023847,32.000282,0.58002824,1.5485997
1373,0.59185207,35.001053,0.6200192,3.660213
1374,1.1609944,35.99888,0.680013,5.2509737
1375,1.488123,36.999817,0.5600292,6.7603517
1376,1.527711,34.999626,0.7100125,6.1701627
1377,1.3685303,41.99955,0.8599955,3.80977
1378,17.324387,74.00098,1.0999627,21.268888
1379,20.357048,74.99547,1.0999627,24.283539
1380,8.514326,73.00216,0.79000247,15.106862
1381,8.301485,70.99637,0.89999205,12.899538
1382,3.9051518,53.001614,0.9299875,7.898154
1383,9.520659,62.60103,0.5540083,27.34006
1384,11.178901,66.81942,0.59294593,27.550209
1385,17.389915,76.30069,1.0899639,20.975098
1386,18.88156,76.293144,1.1199586,22.14154
1387,20.06975,76.98188,1.129882,23.047098
1388,11.007964,61.230236,0.8899919,20.059795
1389,11.440092,62.904808,0.89999205,20.02045
1390,14.288153,69.75087,0.8599955,23.630121
1391,13.000283,75.002754,1.0699717,17.000505
1392,9.460319,50.40212,1.0309771,18.209404
1393,8.63535,75.99893,0.720009,16.196644
1394,12.42047,73.09797,0.9500037,17.879454
1395,14.378202,73.30818,1.009985,19.417469
1396,13.450168,75.19755,0.9299875,19.21067
1397,7.598393,59.801983,0.720009,17.651543
1398,5.4705215,85.99997,1.2096717,6.2100587
1399,5.8599453,101.9996,1.3399553,6.46044
1400,6.1005197,160.9793,1.3799107,7.12864
1401,9.717603,112.998764,1.4579185,8.119676
1402,10.170285,137.99458,1.4609191,9.239901
1403,8.859752,128.99889,1.5199133,7.2401814
1404,8.050032,64.303185,0.79000247,15.920047
1405,9.016016,71.66791,0.8000006,16.310472
1406,8.612643,65.19838,0.79000247,16.664158
1407,7.935369,61.215626,0.8000006,16.269838
1408,0.1610975,24.000444,0.47005585,1.4000342
1409,2.2095048,38.0001,0.9400234,6.1807427
1410,6.6810126,65.99838,0.89999205,11.2392025
1411,18.15311,78.00145,1.059973,22.018007
1412,3.355062,78.00774,0.7000117,5.592868
1413,3.7094247,57.00363,0.6190366,10.530919
1414,9.872198,70.003395,0.8100018,17.080595
1415,11.20325,65.00142,0.8100018,21.301111
1416,23.448275,93.9988,2.6398091,9.399943
1417,12.633044,55.134136,1.0500355,21.818186
1418,13.520384,57.613293,1.0500355,22.350323
1419,14.479212,60.058758,1.059973,22.750652
1420,15.47146,62.57071,1.0699717,23.109608
1421,13.739832,59.763447,1.059973,21.68041
1422,6.6273804,63.99846,0.7100125,14.548765
1423,6.487192,63.001568,0.7000117,14.706603
1424,5.965369,65.00049,0.6900274,13.390216
1425,1.0920568,40.372734,0.7800021,2.6016328
1426,4.488655,60.79396,0.84999484,7.700488
1427,3.3384473,43.378143,0.89999205,8.202657
1428,1.900863,34.99983,0.9500037,5.7007494
1429,2.2245529,51.905468,0.8799934,4.798149
1430,3.5871372,53.70126,0.8399972,7.0003963
1431,6.2989974,66.99982,0.89999205,9.700291
1432,6.3913713,66.31381,0.8799934,10.100205
1433,15.935952,75.027756,1.038327,20.484467
1434,17.033531,76.81186,1.0718448,20.67937
1435,17.662336,76.84109,1.0829698,21.192417
1436,17.60265,76.68542,1.0884497,21.090801
1437,18.098597,79.60197,0.9700028,22.30101
1438,4.103392,71.10068,0.8000006,7.200755
1439,6.702241,66.5984,0.79214555,12.7006235
1440,6.5860724,68.60459,0.79592365,11.898823
1441,7.4412956,67.490105,0.7933264,13.804876
1442,7.706226,67.19359,0.76821613,14.900504
1443,7.720199,68.81238,0.74000716,15.045204
1444,8.714949,65.70538,0.720009,18.10913
1445,9.923392,68.85074,0.74000716,18.84964
1446,2.902229,46.99963,0.47005585,14.199174
1447,7.7011313,43.30034,0.76999956,23.000677
1448,15.377596,72.69069,0.7800021,26.876526
1449,15.435389,72.572655,0.8000006,27.330088
1450,16.39891,75.80108,0.8399972,25.798437
1451,8.575415,62.0016,0.9099916,15.200505
1452,18.671904,70.88238,1.8828732,13.989185
1453,4.1026797,66.002174,0.9099916,6.7308297
1454,4.4303083,31.999788,0.5100413,27.699839
1455,6.8634934,47.045105,0.5000449,28.022614
1456,11.306096,65.27187,0.80299866,22.660446
1457,11.097299,60.502403,0.7988105,22.999565
1458,11.8628025,69.3916,0.8100018,25.500395
1459,7.8108845,53.59353,0.9280523,15.820498
1460,3.149614,41.00049,0.8399972,9.099408
1461,6.2017274,56.00585,0.8000006,13.85254
1462,5.162372,69.99845,0.680013,10.838964
1463,8.10248,62.002857,0.76999956,16.906805
1464,8.3054,62.009586,0.76999956,17.372835
1465,2.960883,57.001034,0.5700305,9.020489
1466,0.81012195,47.002125,0.42007658,4.059772
1467,2.4022954,55.003044,0.680013,6.2897763
1468,2.491283,55.002262,0.67001516,6.7506075
1469,2.178442,37.000385,0.5500325,10.700043
1470,2.547727,38.99999,0.5500325,11.901015
1471,1.360154,30.999866,0.54003555,8.10047
1472,3.7799609,45.99842,0.5700305,14.400469
1473,13.100014,69.79561,0.84999484,21.898928
1474,11.903153,68.412704,0.8399972,20.70108
1475,11.197046,66.80232,0.8399972,20.00141
1476,0.7000503,30.00041,0.73000854,3.229428
1477,0.8483614,30.999876,0.680013,3.9980187
1478,3.5121574,49.999577,0.79000247,8.845202
1479,3.0909746,60.00141,0.6273926,8.250197
1480,3.5319037,66.99951,0.624021,8.441446
1481,4.013366,65.99445,0.6200192,9.740228
1482,3.2907424,41.001045,1.0699717,7.5310225
1483,2.7416766,65.00002,0.5950245,7.0797358
1484,2.5091183,65.99986,0.5920151,6.41931
1485,13.496341,65.999626,0.9899789,20.284246
1486,10.785375,68.90318,0.8599955,19.630896
1487,6.933481,56.892193,0.8100018,14.992218
1488,6.3849545,47.411312,0.89999205,14.690686
1489,2.0005422,74.30119,0.5460249,4.900028
1490,3.9242969,68.896324,0.54803675,9.617802
1491,4.3972697,65.09913,0.6180091,11.797781
1492,5.000039,76.6007,0.59294593,10.899881
1493,6.100756,72.198364,0.63202,13.399765
1494,7.590438,70.29469,0.67863226,15.899685
1495,5.603704,53.998806,0.776894,13.503979
1496,0.6998455,27.999989,0.29013413,8.997438
1497,11.582106,65.86886,0.9700028,18.131859
1498,0.36783916,25.000307,0.60502136,1.7900574
1499,0.03211394,28.999563,0.120312124,0.92003757
1500,0.15046671,38.00061,0.48004755,0.82005215
1501,0.65484923,37.99997,0.60002327,2.2311702
1502,0.35099474,29.99977,0.5700305,1.989926
1503,0.13156006,35.999447,0.60002327,0.61009204
1504,6.1302924,63.00394,0.9099916,13.202293
1505,2.3474789,50.999485,0.5110414,9.012815
1506,1.531068,44.00333,0.4900476,7.1084466
1507,0.5897129,31.99976,0.33010167,5.520643
1508,3.8293216,190.9089,12.99802,0.850194
1509,19.234072,75.18777,1.059973,23.71722
1510,19.360102,77.105484,1.059973,23.600748
1511,17.939499,72.58786,1.039978,23.749792
1512,18.782099,75.38114,1.039978,23.939882
1513,23.659872,82.45259,1.209628,23.520473
1514,22.487835,80.760216,1.1899246,23.399353
1515,20.549755,80.42435,1.0999627,23.229675
1516,22.060934,80.02171,1.1799208,23.359972
1517,22.930973,81.70298,1.1899246,23.635403
1518,0.02151589,14.000476,0.5500325,0.32019556
1519,0.037448343,20.000551,0.60002327,0.32014114
1520,1.6504565,49.99861,0.5700305,5.700997
1521,5.328221,62.99007,0.8399972,10.502542
1522,4.559373,55.001125,0.8399972,10.099752
1523,3.161247,40.00051,0.8399972,9.502219
1524,18.69922,79.44082,0.87804645,26.780315
1525,18.305222,78.571335,0.87804645,26.548664
1526,9.583994,70.999985,0.8599955,15.751407
1527,10.010113,69.00119,0.84999484,17.087189
1528,10.804934,72.00063,0.9099916,16.571226
1529,8.985239,64.99684,0.8799934,15.649821
1530,9.856859,73.00621,0.9099916,15.140046
1531,4.9200983,51.741043,0.5128415,18.551645
1532,3.559162,39.999706,0.6520197,13.570319
1533,6.402462,53.000782,0.6500175,18.629433
1534,3.7004066,48.000954,0.5700305,13.380861
1535,20.097563,72.50158,1.1450737,24.20988
1536,23.471245,79.89267,1.1749375,25.02933
1537,1.4899896,43.002216,0.720009,4.769896
1538,12.189541,64.004074,0.8939226,21.285498
1539,10.139683,56.830566,0.8918559,20.01083
1540,0.8206055,57.77933,0.9356706,1.5099645
1541,10.9987135,63.29451,0.82999724,20.200434
1542,6.399192,48.496742,0.8799934,14.400008
1543,8.8993,68.9984,0.7600058,16.999035
1544,8.247484,66.9861,0.7600058,15.891745
1545,2.7839024,45.000164,0.9099916,6.8000326
1546,19.201576,76.99336,1.1199586,22.520227
1547,0.03289949,32.446976,0.36009398,0.24446712
1548,0.11027641,61.397022,0.3251095,0.57196623
1549,0.86164176,45.00301,0.6180091,3.3672054
1550,2.384821,51.999756,0.5890593,7.4009585
1551,3.3731272,54.001038,0.5540083,10.642888
1552,19.91003,80.11592,1.0799302,22.979893
1553,18.637539,80.69251,1.059973,22.170431
1554,16.671415,75.488106,1.009985,22.090322
1555,15.192598,71.23999,0.9500037,21.758867
1556,16.177773,74.36182,0.9899789,21.816221
1557,16.202215,73.95973,1.039978,21.128725
1558,15.532584,73.74071,1.030009,20.20204
1559,15.336518,69.000496,0.979992,21.879585
1560,16.088287,71.99626,0.99998546,22.2409
1561,0.84950626,35.9898,1.0198528,2.1521847
1562,2.2424784,37.99964,0.86999446,6.769616
1563,8.067249,63.048454,0.74000716,17.237368
1564,8.379382,70.92137,0.74000716,15.907992
1565,4.9270153,55.83595,0.6273926,14.389714
1566,4.2522426,51.799183,0.62588835,13.102755
1567,2.9604034,53.52613,0.6200192,8.901041
1568,1.5318756,37.401558,0.60002327,6.8266664
1569,4.59351,55.576893,0.89999205,9.200961
1570,0.81981415,35.99972,0.74000716,2.5204322
1571,1.3565338,36.50698,0.7500048,4.9904795
1572,1.9231902,38.603268,0.7600058,6.760467
1573,4.6991625,55.000942,0.60801953,14.063193
1574,4.1732697,53.91103,0.5940715,13.038079
1575,11.634079,69.346565,0.7500048,25.297756
1576,2.7967844,65.10064,0.73000854,5.900819
1577,1.0009611,51.99952,0.8100018,2.3596938
1578,22.8026,82.59303,1.1600039,23.8007
1579,10.496579,63.999916,0.94716233,17.330626
1580,0.15233167,41.000916,0.320115,0.9099425
1581,3.6640627,62.00065,0.680013,8.697125
1582,12.831674,73.38426,0.8171814,20.767338
1583,3.0702698,52.005337,0.8000006,7.0013604
1584,15.870167,65.29581,1.0170205,23.920315
1585,17.010433,66.799995,1.0338047,24.609825
1586,4.879599,33.999504,0.956986,15.007311
1587,9.298275,55.003296,0.86999446,19.708431
1588,18.911081,80.0036,1.039978,23.159763
1589,4.401277,62.29872,0.60002327,11.799336
1590,17.200298,74.10072,0.8171814,28.400038
1591,15.901542,73.50039,0.8120018,26.600016
1592,2.8305023,44.00112,0.9299875,6.8999815
1593,4.104919,47.093124,0.95998526,8.985823
1594,5.401977,63.003307,0.74000716,11.599193
1595,6.104137,71.99872,0.7600058,11.256686
1596,7.178841,73.0086,0.81999993,12.260342
1597,6.2453456,57.996906,0.84999484,12.681434
1598,7.5123916,55.903885,0.8000006,16.71047
1599,8.196934,67.99991,0.720009,15.600239
1600,9.490443,71.99992,0.7100125,16.80067
1601,2.049035,43.000458,0.9700028,4.9110165
1602,1.2015932,45.000362,1.0999703,2.420063
1603,2.3014572,62.00097,1.1699718,3.1590931
1604,0.83142406,49.99932,1.1699718,1.4300344
1605,1.1624928,51.9992,1.0799302,2.059288
1606,3.1708612,49.999783,1.1799645,5.35018
1607,2.3678617,38.99956,0.9700028,6.2479954
1608,1.2009097,37.999847,1.1799645,2.6785064
1609,3.6305273,48.00066,1.0999703,6.9585166
1610,3.8601453,64.001854,1.1799645,5.171669
1611,4.8407025,55.002483,1.1393616,8.305793
1612,12.600144,65.99924,0.8799934,21.596825
1613,7.011172,57.998592,0.680013,18.457684
1614,20.299372,77.60103,1.1749375,22.002062
1615,5.396502,50.00664,0.9199874,12.020891
1616,4.559965,59.999985,0.7000117,9.99914
1617,3.7728598,64.98664,0.7500048,7.984924
1618,17.728016,76.60164,1.0899639,21.250433
1619,17.418009,76.599525,1.0899639,20.864508
1620,17.17151,76.607124,1.0899639,20.571785
1621,3.307121,49.00432,0.81999993,8.290267
1622,3.4391024,45.990643,0.7800021,8.767879
1623,4.4195733,52.99727,0.63998854,13.010803
1624,3.9844518,51.00275,0.6200192,11.90058
1625,5.175472,59.99984,0.7600058,11.348825
1626,3.2317672,59.995754,0.73000854,7.159209
1627,2.8241353,53.000305,0.6900274,7.4040337
1628,5.175472,59.99984,0.7600058,11.348825
1629,4.196041,64.99828,0.7000117,9.140054
1630,3.170362,45.114628,0.6300172,11.136404
1631,10.115248,70.07641,1.3100389,11.027415
1632,10.498284,68.99685,0.99998546,15.200604
1633,9.004474,59.99661,0.9299875,15.899396
1634,15.1085825,67.00026,0.9700028,23.398739
1635,2.9166555,55.00842,0.6300172,8.5032015
1636,3.6574624,60.181248,0.6500175,9.200621
1637,4.409518,63.563236,0.63998854,10.79986
1638,3.6176188,40.999107,0.81999993,10.831321
1639,17.246862,73.00141,1.0500355,22.26761
1640,9.996609,64.001114,0.9500037,16.28069
1641,1.5949776,40.998898,0.8419223,4.4994764
1642,2.0018294,39.997967,0.8599955,5.701419
1643,1.3014814,35.998623,0.7343363,4.899771
1644,4.45006,61.85712,0.58002824,12.4706335
1645,4.911827,61.23681,0.58002824,13.3863125
1646,5.2137046,61.4783,0.58002824,13.880541
1647,3.429913,54.415188,0.58002824,10.95106
1648,3.7111275,67.33206,0.58002824,9.510012
1649,1.0309764,33.60295,1.0799302,2.8308146
1650,0.4099652,34.000656,0.67001516,1.7901248
1651,0.45468625,32.99467,0.680013,1.4701052
1652,2.219612,62.002907,0.84999484,4.249879
1653,0.7669327,35.00081,0.66001713,3.3676057
1654,1.1000866,32.99873,1.039978,3.2092957
1655,1.0006056,28.999937,1.1498191,2.8699262
1656,2.3007,37.998432,1.1099678,5.5305657
1657,2.1260781,35.98413,1.0999703,5.4983625
1658,2.792886,38.99915,1.129918,6.299669
1659,2.5070095,38.998466,1.0999703,5.9703636
1660,3.6989622,41.000168,1.0799302,8.419426
1661,3.6979234,67.00076,0.6500175,8.380172
1662,1.9923065,40.000053,0.38008153,10.648002
1663,2.9007683,44.99875,0.5600292,11.508628
1664,20.805603,78.09627,1.1479508,23.21018
1665,23.599823,80.59871,1.1600039,25.270418
1666,11.676846,69.995445,1.0799302,17.219019
1667,11.018782,68.699356,0.9099916,17.633785
1668,7.026091,70.00024,0.86999446,11.522417
1669,0.5498907,49.00204,0.48004755,2.578799
1670,0.4616907,53.013596,0.4600563,1.5713072
1671,8.177525,63.840866,0.7639804,16.800558
1672,7.5837026,62.336704,0.7639804,15.524203
1673,5.184874,44.271267,0.76752913,15.26132
1674,4.4819055,40.183155,0.7746157,14.371629
1675,1.5306478,31.311647,0.755105,6.480792
1676,17.572844,75.97818,0.8551623,26.854454
1677,17.29364,73.49985,0.8430133,26.629044
1678,17.3025,75.70288,0.8551623,26.729673
1679,18.012424,77.300766,0.8470272,27.519306
1680,17.280148,75.50197,0.8378831,27.33997
1681,12.410651,66.40179,1.038327,18.190504
1682,6.5006924,34.199337,0.99998546,19.280592
1683,16.36818,68.497505,1.1479508,21.324518
1684,16.81686,69.65464,1.1600039,20.840576
1685,13.9410095,62.344833,1.1659532,19.190165
1686,17.609009,71.28408,1.1644366,21.219625
1687,2.2197604,37.000324,0.6300172,9.519757
1688,11.374704,70.9947,1.009985,15.451774
1689,3.4837399,55.001278,0.5600292,11.199654
1690,14.330786,66.050865,0.9299875,20.598913
1691,12.67479,66.050865,0.9299875,20.580893
1692,20.228502,76.98994,1.1999202,22.084967
1693,16.777353,73.015594,1.0459287,22.025152
1694,18.610865,75.99962,1.0608037,23.009867
1695,18.232004,76.00005,1.0500355,22.94617
1696,17.444992,77.880264,1.0248793,21.890493
1697,12.299001,75.84341,0.8939226,18.098557
1698,10.895024,75.00258,0.82999724,17.511196
1699,0.66531634,36.999577,0.6900274,2.0000632
1700,1.3579242,45.999374,0.720009,2.0000055
1701,17.029863,73.46046,0.8789947,26.56055
1702,6.650696,58.282387,0.79000247,14.399791
1703,5.702554,56.803257,0.8061955,12.39961
1704,0.7704485,39.70716,0.9700028,1.9999644
1705,9.116655,63.003445,0.9299875,15.790503
1706,9.548546,65.001656,0.9299875,16.019451
1707,9.694957,63.99692,0.9299875,16.536457
1708,0.46998313,49.998566,0.47005585,0.6700449
1709,1.0270302,53.00129,1.030009,1.4500259
1710,0.14358127,49.027912,0.78214884,0.47963712
1711,11.589566,69.99901,0.78214884,21.028938
1712,9.598047,65.416435,0.8899919,16.5004
1713,5.5335484,52.881527,0.8399972,12.04034
1714,13.031988,67.63045,0.8100018,23.719997
1715,11.121353,62.93925,0.74000716,23.879656
1716,13.546557,72.10263,0.979992,19.14884
1717,15.677506,74.104805,1.0500355,20.151548
1718,12.425675,69.26701,0.95998526,18.191448
1719,14.226082,70.19984,1.0198528,19.8799
1720,17.51959,75.60298,0.8338493,27.790468
1721,0.44974333,34.10036,0.610021,2.1795475
1722,16.500643,72.79599,0.9632002,23.200203
1723,15.805474,70.29611,0.9619839,23.10041
1724,16.482355,70.802315,0.95998526,23.199913
1725,4.7193832,54.294632,0.979992,8.870513
1726,3.4107146,43.10163,0.979992,8.070141
1727,3.960663,49.999405,0.9299875,8.510218
1728,18.853067,75.41018,1.1199586,22.350546
1729,9.780651,75.00154,0.8899919,16.29643
1730,12.388928,80.99127,0.8899919,17.069763
1731,16.797842,72.48381,1.011856,20.050655
1732,2.8234086,45.003395,0.60002327,9.290878
1733,3.4909825,54.99911,0.60002327,12.800114
1734,6.1220345,57.91157,0.8799934,11.944418
1735,10.220016,76.41131,0.9299875,14.430138
1736,0.30039316,63.953724,0.5100413,0.92002577
1737,0.42078164,64.92291,0.5300365,1.2200192
1738,0.56037587,64.81353,0.54003555,1.6000388
1739,0.43942544,64.84871,0.5300365,1.2802522
1740,4.8273563,70.00072,0.8799934,10.999669
1741,6.8039885,62.00122,0.9199874,12.500493
1742,7.124787,68.997314,0.8399972,10.099252
1743,4.2954173,49.002644,0.95998526,9.200544
1744,4.2013097,52.99998,0.9400234,8.5012045
1745,1.6021919,37.00032,0.9199874,4.9998503
1746,8.829224,60.722828,0.8000006,17.492138
1747,9.141458,54.499382,0.7800021,21.5691
1748,5.8297815,42.703945,0.7428561,14.218325
1749,8.909609,59.472057,0.8430133,18.919474
1750,9.730887,57.096043,0.8969641,20.110735
1751,7.071049,62.998188,0.79309845,11.721328
1752,9.777455,70.00353,0.8430133,16.000519
1753,10.500135,69.99984,0.8430133,17.9985
1754,11.208652,70.003044,0.8430133,20.001122
1755,12.098392,70.00095,0.8430133,22.001091
1756,12.507766,70.00041,0.8430133,23.999624
1757,12.904196,70.000275,0.8430133,26.000849
1758,5.5215955,48.002018,0.7500048,15.017913
1759,6.850286,60.69944,0.48004755,23.500086
1760,7.6497245,44.099403,0.44006157,38.649254
1761,13.079559,68.01202,1.0699717,18.001339
1762,16.331102,71.24663,1.0699717,21.429136
1763,0.06358685,30.000132,0.5000449,5.000065
1764,14.205195,65.90314,1.009985,21.238699
1765,14.2298,70.01931,0.9700028,20.993729
1766,13.185719,68.50029,0.86999446,21.305416
1767,5.27161,29.000273,1.299982,9.86003
1768,17.895689,75.99676,1.0459287,22.500772
1769,17.895689,75.99676,1.0459287,22.500772
1770,10.76023,76.56779,0.60002327,23.209723
1771,8.069203,70.508934,0.86999446,13.138894
1772,7.0146847,70.99779,0.8799934,11.307611
1773,7.9599586,67.4952,0.86999446,13.728395
1774,6.227325,69.90912,0.79000247,11.240644
1775,5.3338103,63.619724,0.79000247,10.6502
1776,1.5895793,57.002167,0.562032,4.989751
1777,2.069064,64.001595,0.6471159,4.9479585
1778,1.8237438,61.999752,0.7370083,3.9502523
1779,0.56176,63.99883,0.776894,1.4499645
1780,0.31028476,42.000385,0.562032,1.3401217
1781,0.45039392,51.000816,0.6300172,1.4200026
1782,0.2605634,47.000095,0.68894994,0.7900984
1783,0.13074814,61.998814,0.7600058,0.27019808
1784,2.039699,43.00116,0.62588835,7.4691954
1785,2.8345811,51.002773,0.6453099,7.712274
1786,2.3590531,53.000103,0.666039,6.711156
1787,2.0399706,59.00232,0.71667475,4.7698774
1788,3.1048436,63.99931,0.610021,7.8731613
1789,20.174212,80.00131,1.1099602,22.880783
1790,1.9608545,50.808887,0.86999446,4.419587
1791,2.2105255,55.207836,0.8100018,4.9294896
1792,18.354855,72.97138,1.0999627,22.891197
1793,18.818636,73.717155,1.0899639,23.798449
1794,20.52283,77.1857,1.129882,23.56879
1795,19.311615,73.71267,1.0999627,23.829845
1796,12.176686,68.0983,1.2177879,14.131935
1797,13.269975,72.004074,1.2416492,14.240985
1798,13.510593,72.60493,1.2556664,14.429862
1799,13.889594,74.001205,1.2611188,14.5497875
1800,13.966009,73.79515,1.2687966,14.610386
1801,2.1183293,53.999832,0.720009,5.4522896
1802,9.749358,61.007786,0.84999484,17.88643
1803,8.320482,68.08264,0.86999446,15.34196
1804,7.7808237,66.79899,0.8261681,14.100271
1805,3.3347015,43.39867,0.92694706,8.28141
1806,0.70076257,41.000446,0.680013,2.5493028
1807,0.8021779,42.999695,0.67001516,2.7881756
1808,1.380772,49.998245,0.5100413,5.4604526
1809,1.0706787,56.000237,0.6200192,3.0897384
1810,1.0864904,34.001266,0.82999724,1.300038
1811,0.7821461,37.00068,0.79000247,2.6388116
1812,0.20247337,42.000465,0.36009398,2.3600838
1813,0.6504048,47.9996,0.43006486,3.1598253
1814,11.050581,73.317184,1.1899683,12.690275
1815,3.3202927,53.528973,0.5700305,10.731625
1816,3.34627,52.484154,0.5700305,11.190287
1817,4.110311,56.902893,0.610021,11.740775
1818,3.8479712,54.380093,0.60002327,11.796999
1819,3.7583663,52.854195,0.60002327,11.823837
1820,3.6951191,51.861782,0.60002327,11.859037
1821,3.6297102,50.326603,0.60002327,12.020505
1822,3.6463904,43.699337,0.8399972,9.920899
1823,2.1997662,62.39395,0.8661299,4.0696692
1824,1.4773996,42.008053,0.48004755,8.349084
1825,3.1180527,53.000156,0.5700305,10.299889
1826,2.0428178,35.999256,0.5700305,9.516532
1827,0.6497655,20.000574,0.58002824,5.678209
1828,0.89074284,34.000435,0.320115,8.271748
1829,0.7610256,33.999348,0.27013576,8.359872
1830,0.5149288,32.99513,0.21918406,7.390279
1831,3.6637335,57.008797,0.5700305,10.991253
1832,3.7804177,70.00136,0.6200192,12.4089985
1833,3.067373,55.00476,0.8799934,6.1449356
1834,8.360455,66.4398,0.7218326,17.413755
1835,7.840765,64.02153,0.71050596,17.230175
1836,6.563702,57.847263,0.6810115,16.98272
1837,2.535859,49.397453,0.60502136,8.470243
1838,3.841888,53.19867,0.6151199,11.729288
1839,3.1061404,65.00025,0.6500175,7.225657
1840,5.01187,67.976654,0.6900274,10.106765
1841,5.5906615,70.99792,0.6900274,11.292653
1842,17.292587,75.694496,1.030009,22.231016
1843,18.30638,76.95415,1.0500355,22.752316
1844,19.640213,78.61798,1.0899639,22.920134
1845,18.883923,78.03991,1.059973,22.83347
1846,0.5195644,30.00051,0.48004755,3.6202285
1847,3.0892875,66.40122,0.5950245,7.8090243
1848,1.3880613,69.30899,0.60002327,4.199204
1849,2.5322022,67.800354,0.5760312,6.48046
1850,1.9598334,36.000427,0.45006222,12.058963
1851,3.4506195,36.000195,0.5000449,18.860611
1852,5.0578227,41.000034,0.54003555,22.859995
1853,3.4897254,39.958214,0.8599955,10.460555
1854,2.4096687,44.399677,0.5570505,9.730938
1855,2.7201548,51.802197,0.5851721,8.970187
1856,1.9614959,48.593185,0.5130385,7.879969
1857,2.98845,53.301453,0.59902966,9.359973
1858,2.6098714,52.40387,0.5940715,8.400059
1859,12.0144825,64.861984,0.9500037,19.589535
1860,1.1197982,34.000378,1.280094,2.5603886
1861,0.011695985,37.000828,0.6200192,0.050283834
1862,3.180423,47.61493,0.5360332,12.43994
1863,6.5296426,66.1992,0.672065,14.681513
1864,10.132283,63.297276,0.8799934,18.4586
1865,9.057858,67.00113,1.0198528,13.719524
1866,4.7707195,51.99958,0.5100413,18.215881
1867,13.821731,78.797386,0.86999446,20.160326
1868,0.123707324,23.000639,0.63998854,1.9999725
1869,0.3682173,28.000017,0.60002327,2.0000148
1870,12.301921,73.00289,0.81999993,20.494417
1871,10.300078,67.00104,0.680013,22.689754
1872,9.300782,67.00033,0.8799934,15.715031
1873,6.160017,68.00082,0.9500037,11.381583
1874,3.2808938,35.00015,0.69206345,13.67939
1875,10.01212,72.00604,0.8599955,16.283604
1876,18.02014,79.58309,2.2998445,9.840247
1877,6.301389,57.995224,0.79000247,13.6916275
1878,8.438927,69.00134,0.8599955,14.232339
1879,5.8901076,54.996964,0.95998526,11.395517
1880,4.713333,55.0941,0.86999446,9.847254
1881,1.521164,43.39388,0.81999993,4.26847
1882,1.9314206,38.99918,0.9299875,5.359685
1883,2.223322,36.99976,0.9199874,6.4798713
1884,3.0028024,42.99991,0.9500037,7.4002247
1885,5.0540705,53.999424,0.9199874,10.269094
1886,2.4802504,65.99934,0.5050426,7.39139
1887,5.9061646,56.99378,0.81999993,11.901205
1888,12.100341,75.79386,0.8470272,18.850605
1889,10.145573,74.993385,0.8430133,16.038633
1890,4.7508435,64.613434,0.7600058,9.668937
1891,7.0010138,47.00043,1.039978,14.301439
1892,11.981107,66.999794,1.0500355,16.09996
1893,7.0239573,64.99869,0.95998526,15.602092
1894,6.970877,65.11441,0.73000854,14.8286495
1895,8.01045,78.90036,1.4579185,6.9586477
1896,8.4801855,79.29695,1.4810054,7.2115645
1897,8.648327,79.60361,1.4988335,7.2497225
1898,0.24967271,29.00033,0.60002327,1.4000478
1899,4.533541,55.435516,0.8899919,9.176709
1900,1.7803029,46.429966,0.74000716,5.180058
1901,5.230951,47.31717,0.95998526,11.539042
1902,12.29726,57.000713,0.5700305,37.39982
1903,5.3211412,56.003834,0.666039,14.261898
1904,6.3694553,61.00288,0.68518907,15.261702
1905,6.970226,64.00108,0.70176333,15.51002
1906,7.6913977,65.99713,0.71916324,16.14795
1907,7.140358,63.997528,0.7100125,15.657021
1908,2.4400032,40.000866,0.9500037,6.290843
1909,4.1596565,51.0011,0.9500037,8.280435
1910,0.8502529,38.863937,0.84999484,2.6609302
1911,1.1304795,35.326954,0.8000006,4.0702205
1912,1.2908674,38.00044,0.81999993,4.369266
1913,3.606075,72.22209,0.79000247,5.6528835
1914,3.2406425,60.298573,0.73000854,7.3695436
1915,2.5520415,52.60301,0.6500175,7.4682636
1916,16.9164,75.99963,1.059973,21.000013
1917,0.85227436,44.999653,0.9400234,2.000015
1918,1.2513659,40.00213,0.8899919,3.5000503
1919,3.3464224,46.998325,0.9199874,7.4003234
1920,4.0992937,44.998714,0.8899919,9.900704
1921,3.8042479,47.99931,0.9199874,8.60013
1922,21.997206,75.19984,1.1354799,25.799583
1923,23.70294,78.60171,1.1649328,25.800608
1924,11.498777,67.09612,1.009985,16.90015
1925,18.989185,68.69669,1.1149611,24.800547
1926,2.1997602,78.800156,0.5700305,4.6900387
1927,5.403242,63.989773,0.82999724,10.099386
1928,5.504082,58.998974,0.82999724,11.600027
1929,7.103416,70.000496,0.82999724,11.899443
1930,2.162416,61.262123,0.60002327,5.910262
1931,1.7607305,67.196625,0.590025,4.4300213
1932,2.6699848,61.179802,0.5100413,8.519252
1933,10.545292,63.001293,0.74000716,22.6426
1934,19.298582,82.70351,1.009985,23.100607
1935,18.793734,81.50344,1.009985,22.799511
1936,17.396786,77.60166,0.99998546,22.400618
1937,15.992222,77.20799,0.99998546,21.39889
1938,2.5099146,41.00026,0.42007658,14.549609
1939,19.416092,74.34691,1.0899639,24.925518
1940,21.050446,76.30129,1.1099602,24.93038
1941,21.899242,78.686554,1.1199586,24.74959
1942,8.734358,59.999157,0.8000006,14.999577
1943,3.471052,60.098606,0.5340332,11.100647
1944,11.381477,67.001526,0.6160269,27.569384
1945,12.349299,66.79064,0.67863226,27.2706
1946,0.22940053,27.000946,0.21918406,0.11319698
1947,0.052259427,29.00292,0.36009398,0.15016459
1948,9.579166,65.99739,1.0699717,12.981648
1949,16.804642,78.00163,1.0799302,20.000896
1950,17.300142,78.99915,1.0899639,20.099941
1951,17.50231,77.00656,1.129882,20.099884
1952,17.697037,78.00008,1.129882,20.100012
1953,20.265797,84.02762,1.0500355,23.201082
1954,9.075026,68.89993,0.74510723,17.690516
1955,18.81476,77.97447,1.0799302,22.653923
1956,3.6017911,55.999313,0.8799934,7.29806
1957,13.150429,70.00806,0.82900053,23.195194
1958,6.7364907,66.00934,0.7343363,13.397398
1959,3.468986,64.99919,0.58002824,9.2001
1960,4.0948544,41.604538,0.7500048,13.141047
1961,17.462349,78.50826,1.059973,21.400845
1962,19.10655,78.84993,1.0799302,22.335554
1963,9.505197,64.99746,0.9700028,16.295332
1964,4.9982986,59.99723,0.76999956,8.997483
1965,15.609841,78.00215,1.0699717,18.700304
1966,3.0296469,51.004063,0.63998854,8.149422
1967,3.071376,44.999874,0.680013,10.0411825
1968,0.2521269,20.000809,0.21918406,2.0001237
1969,12.11163,71.001816,1.4609191,10.102753
1970,10.098881,68.00076,2.1198564,6.7996864
1971,0.8100523,30.99927,0.610021,4.32083
1972,1.7101136,45.999977,0.73000854,5.0917034
1973,2.260371,85.99607,0.60002327,0.80487883
1974,1.869579,43.00003,1.059973,4.1007557
1975,3.7091343,55.001484,1.0699717,6.2904935
1976,8.424366,61.000324,0.8399972,15.841558
1977,2.3412898,41.998394,0.5500325,10.593286
1978,3.8311036,51.995598,0.5500325,13.1669445
1979,1.8803456,36.000153,0.610021,8.459613
1980,1.1045462,27.006975,0.590025,7.213691
1981,1.3185366,36.99971,0.60002327,5.85082
1982,10.426456,66.004005,0.5500325,26.231956
1983,12.931875,75.48134,0.98598075,17.39918
1984,15.529579,79.27478,1.0316954,18.931808
1985,19.897339,78.97916,1.1209388,22.337433
1986,5.741013,66.999794,0.78497267,10.90888
1987,5.4003158,64.103134,0.7500048,11.230968
1988,3.4077141,46.999783,0.7800021,9.300619
1989,3.5572598,55.20384,0.7500048,6.7205744
1990,3.5572598,55.20384,0.7500048,6.7205744
1991,3.9798286,60.000175,0.5760312,11.499292
1992,1.8505126,60.99811,0.54803675,5.5206695
1993,0.5997182,65.99938,0.5180401,1.7501192
1994,15.400625,74.401405,0.82999724,24.901344
1995,2.360612,56.89459,0.60002327,6.98335
1996,0.8799334,47.178318,0.5300365,3.500167
1997,0.8395713,34.000145,0.38008153,6.498725
1998,1.699995,40.10038,0.5100413,8.349216
1999,2.0819387,42.57332,0.590025,8.301224
2000,3.2821472,46.898956,0.60002327,11.651016
2001,3.7305884,48.4952,0.610021,12.680324
2002,3.140812,66.00073,0.66001713,6.9212084
2003,4.7026196,59.999287,0.720009,10.867061
2004,3.6994436,64.997795,0.7000117,8.052903
2005,4.1010795,64.0002,0.6500175,9.804042
2006,25.169838,84.039894,1.1839443,25.300745
2007,18.966179,78.421776,1.1199586,21.594978
2008,19.61354,79.46227,1.1393179,21.651896
2009,21.480518,82.44724,1.1999202,21.70948
2010,2.4869113,56.992317,4.309647,3.2923467
2011,15.089039,67.999664,1.030009,22.09864
2012,7.656133,55.998524,0.76999956,15.199467
2013,17.262047,75.46506,1.0140312,22.515879
2014,15.833315,75.72502,1.0029187,20.831497
2015,4.1046696,64.00262,0.9899789,6.3040247
2016,8.245992,68.608635,0.79000247,15.208772
2017,8.127431,65.53467,0.79592365,15.559341
2018,6.015016,52.08223,0.77934337,14.859008
2019,8.430199,59.002415,0.81999993,17.453848
2020,9.122871,62.60178,0.7500048,19.379375
2021,8.249416,58.9028,0.67001516,20.980686
2022,6.996064,62.997173,0.8000006,13.699751
